Awards,Awards Nominated,Awards Wins,Oscar Nominations,Oscar Wins,Primetime Emmys Nominations,Primetime Emmys Wins,Golden Globe Nominations,Golden Globe Wins,BAFTA Nominations,BAFTA Wins
1 win & 2 nominations.,2,1,0,0,0,0,0,0,0,0
1 win.,0,1,0,0,0,0,0,0,0,0
1 nomination.,1,0,0,0,0,0,0,0,0,0
3 wins & 2 nominations.,2,3,0,0,0,0,0,0,0,0
1 win & 1 nomination.,1,1,0,0,0,0,0,0,0,0
5 nominations.,5,0,0,0,0,0,0,0,0,0
2 wins & 5 nominations.,5,2,0,0,0,0,0,0,0,0
Nominated for 1 Oscar. Another 13 wins & 13 nominations.,14,13,1,0,0,0,0,0,0,0
5 wins & 4 nominations.,4,5,0,0,0,0,0,0,0,0
Nominated for 1 Golden Globe. Another 14 wins & 34 nominations.,35,14,0,0,0,0,1,0,0,0
3 wins & 2 nominations.,2,3,0,0,0,0,0,0,0,0
1 nomination.,1,0,0,0,0,0,0,0,0,0
5 nominations.,5,0,0,0,0,0,0,0,0,0
1 win & 2 nominations.,2,1,0,0,0,0,0,0,0,0
22 wins & 44 nominations.,44,22,0,0,0,0,0,0,0,0
1 win & 3 nominations.,3,1,0,0,0,0,0,0,0,0
1 win & 8 nominations.,8,1,0,0,0,0,0,0,0,0
2 nominations.,2,0,0,0,0,0,0,0,0,0
6 wins & 1 nomination.,1,6,0,0,0,0,0,0,0,0
Won 2 Golden Globes. Another 68 wins & 201 nominations.,201,70,0,0,0,0,0,2,0,0
Won 1 Golden Globe. Another 31 wins & 143 nominations.,143,32,0,0,0,0,0,1,0,0
Nominated for 4 Primetime Emmys. Another 16 nominations.,20,0,0,0,4,0,0,0,0,0
3 wins & 2 nominations.,2,3,0,0,0,0,0,0,0,0
3 wins & 6 nominations.,6,3,0,0,0,0,0,0,0,0
2 wins.,0,2,0,0,0,0,0,0,0,0
6 wins & 4 nominations.,4,6,0,0,0,0,0,0,0,0
7 wins & 6 nominations.,6,7,0,0,0,0,0,0,0,0
9 wins & 30 nominations.,30,9,0,0,0,0,0,0,0,0
Won 1 Primetime Emmy. Another 1 win & 6 nominations.,6,2,0,0,0,1,0,0,0,0
1 nomination.,1,0,0,0,0,0,0,0,0,0
Nominated for 3 BAFTA Film Awards. Another 11 wins & 39 nominations.,42,11,0,0,0,0,0,0,3,0
6 nominations.,6,0,0,0,0,0,0,0,0,0
1 win & 4 nominations.,4,1,0,0,0,0,0,0,0,0
2 wins & 5 nominations.,5,2,0,0,0,0,0,0,0,0
14 wins & 11 nominations.,11,14,0,0,0,0,0,0,0,0
1 win & 1 nomination.,1,1,0,0,0,0,0,0,0,0
1 win & 2 nominations.,2,1,0,0,0,0,0,0,0,0
2 nominations.,2,0,0,0,0,0,0,0,0,0
3 wins & 3 nominations.,3,3,0,0,0,0,0,0,0,0
Nominated for 1 Golden Globe. Another 2 wins & 14 nominations.,15,2,0,0,0,0,1,0,0,0
2 wins.,0,2,0,0,0,0,0,0,0,0
Nominated for 1 Primetime Emmy. Another 1 nomination.,2,0,0,0,1,0,0,0,0,0
3 wins & 1 nomination.,1,3,0,0,0,0,0,0,0,0
1 win & 1 nomination.,1,1,0,0,0,0,0,0,0,0
1 nomination.,1,0,0,0,0,0,0,0,0,0
2 wins.,0,2,0,0,0,0,0,0,0,0
1 nomination.,1,0,0,0,0,0,0,0,0,0
9 wins & 8 nominations.,8,9,0,0,0,0,0,0,0,0
1 win.,0,1,0,0,0,0,0,0,0,0
1 win.,0,1,0,0,0,0,0,0,0,0
15 wins & 4 nominations.,4,15,0,0,0,0,0,0,0,0
1 win.,0,1,0,0,0,0,0,0,0,0
1 win & 1 nomination.,1,1,0,0,0,0,0,0,0,0
3 wins & 6 nominations.,6,3,0,0,0,0,0,0,0,0
8 wins & 8 nominations.,8,8,0,0,0,0,0,0,0,0
2 nominations.,2,0,0,0,0,0,0,0,0,0
1 nomination.,1,0,0,0,0,0,0,0,0,0
1 win.,0,1,0,0,0,0,0,0,0,0
1 nomination.,1,0,0,0,0,0,0,0,0,0
2 wins.,0,2,0,0,0,0,0,0,0,0
1 win & 3 nominations.,3,1,0,0,0,0,0,0,0,0
1 win.,0,1,0,0,0,0,0,0,0,0
4 nominations.,4,0,0,0,0,0,0,0,0,0
4 wins.,0,4,0,0,0,0,0,0,0,0
1 win.,0,1,0,0,0,0,0,0,0,0
15 nominations.,15,0,0,0,0,0,0,0,0,0
2 wins.,0,2,0,0,0,0,0,0,0,0
2 wins.,0,2,0,0,0,0,0,0,0,0
1 nomination.,1,0,0,0,0,0,0,0,0,0
1 nomination.,1,0,0,0,0,0,0,0,0,0
7 wins & 7 nominations.,7,7,0,0,0,0,0,0,0,0
1 nomination.,1,0,0,0,0,0,0,0,0,0
1 win.,0,1,0,0,0,0,0,0,0,0
1 nomination.,1,0,0,0,0,0,0,0,0,0
1 win & 1 nomination.,1,1,0,0,0,0,0,0,0,0
1 nomination.,1,0,0,0,0,0,0,0,0,0
1 win.,0,1,0,0,0,0,0,0,0,0
2 wins.,0,2,0,0,0,0,0,0,0,0
4 wins & 9 nominations.,9,4,0,0,0,0,0,0,0,0
1 win & 1 nomination.,1,1,0,0,0,0,0,0,0,0
1 win.,0,1,0,0,0,0,0,0,0,0
Won 11 Oscars. Another 174 wins & 113 nominations.,113,185,0,11,0,0,0,0,0,0
4 wins & 11 nominations.,11,4,0,0,0,0,0,0,0,0
3 wins & 4 nominations.,4,3,0,0,0,0,0,0,0,0
1 win & 5 nominations.,5,1,0,0,0,0,0,0,0,0
2 wins & 2 nominations.,2,2,0,0,0,0,0,0,0,0
1 nomination.,1,0,0,0,0,0,0,0,0,0
Won 1 Oscar. Another 11 wins & 14 nominations.,14,12,0,1,0,0,0,0,0,0
Won 3 Primetime Emmys. Another 44 nominations.,44,3,0,0,0,3,0,0,0,0
1 win & 1 nomination.,1,1,0,0,0,0,0,0,0,0
2 nominations.,2,0,0,0,0,0,0,0,0,0
1 win.,0,1,0,0,0,0,0,0,0,0
Nominated for 7 Oscars. Another 6 wins & 36 nominations.,43,6,7,0,0,0,0,0,0,0
1 win & 6 nominations.,6,1,0,0,0,0,0,0,0,0
1 nomination.,1,0,0,0,0,0,0,0,0,0
1 nomination.,1,0,0,0,0,0,0,0,0,0
2 wins.,0,2,0,0,0,0,0,0,0,0
2 wins & 7 nominations.,7,2,0,0,0,0,0,0,0,0
14 wins & 22 nominations.,22,14,0,0,0,0,0,0,0,0
1 nomination.,1,0,0,0,0,0,0,0,0,0
1 win & 2 nominations.,2,1,0,0,0,0,0,0,0,0
1 nomination.,1,0,0,0,0,0,0,0,0,0
12 nominations.,12,0,0,0,0,0,0,0,0,0
5 wins & 34 nominations.,34,5,0,0,0,0,0,0,0,0
Nominated for 1 Primetime Emmy. Another 1 win & 2 nominations.,3,1,0,0,1,0,0,0,0,0
9 nominations.,9,0,0,0,0,0,0,0,0,0
8 nominations.,8,0,0,0,0,0,0,0,0,0
2 nominations.,2,0,0,0,0,0,0,0,0,0
1 nomination.,1,0,0,0,0,0,0,0,0,0
2 nominations.,2,0,0,0,0,0,0,0,0,0
1 win.,0,1,0,0,0,0,0,0,0,0
3 wins.,0,3,0,0,0,0,0,0,0,0
1 nomination.,1,0,0,0,0,0,0,0,0,0
1 win & 5 nominations.,5,1,0,0,0,0,0,0,0,0
2 nominations.,2,0,0,0,0,0,0,0,0,0
10 wins & 22 nominations.,22,10,0,0,0,0,0,0,0,0
1 nomination.,1,0,0,0,0,0,0,0,0,0
Nominated for 2 Golden Globes. Another 21 wins & 72 nominations.,74,21,0,0,0,0,2,0,0,0
1 nomination.,1,0,0,0,0,0,0,0,0,0
2 wins & 3 nominations.,3,2,0,0,0,0,0,0,0,0
1 win.,0,1,0,0,0,0,0,0,0,0
1 win.,0,1,0,0,0,0,0,0,0,0
1 win & 2 nominations.,2,1,0,0,0,0,0,0,0,0
2 wins & 1 nomination.,1,2,0,0,0,0,0,0,0,0
1 win.,0,1,0,0,0,0,0,0,0,0
2 wins & 10 nominations.,10,2,0,0,0,0,0,0,0,0
1 nomination.,1,0,0,0,0,0,0,0,0,0
1 nomination.,1,0,0,0,0,0,0,0,0,0
8 wins & 10 nominations.,10,8,0,0,0,0,0,0,0,0
2 wins & 5 nominations.,5,2,0,0,0,0,0,0,0,0
2 wins & 8 nominations.,8,2,0,0,0,0,0,0,0,0
2 wins & 2 nominations.,2,2,0,0,0,0,0,0,0,0
1 win & 1 nomination.,1,1,0,0,0,0,0,0,0,0
1 nomination.,1,0,0,0,0,0,0,0,0,0
6 wins & 2 nominations.,2,6,0,0,0,0,0,0,0,0
1 nomination.,1,0,0,0,0,0,0,0,0,0
1 nomination.,1,0,0,0,0,0,0,0,0,0
3 nominations.,3,0,0,0,0,0,0,0,0,0
14 wins & 17 nominations.,17,14,0,0,0,0,0,0,0,0
3 wins & 7 nominations.,7,3,0,0,0,0,0,0,0,0
2 nominations.,2,0,0,0,0,0,0,0,0,0
1 nomination.,1,0,0,0,0,0,0,0,0,0
5 wins & 2 nominations.,2,5,0,0,0,0,0,0,0,0
1 win.,0,1,0,0,0,0,0,0,0,0
1 win.,0,1,0,0,0,0,0,0,0,0
1 nomination.,1,0,0,0,0,0,0,0,0,0
1 nomination.,1,0,0,0,0,0,0,0,0,0
13 wins & 7 nominations.,7,13,0,0,0,0,0,0,0,0
1 win & 1 nomination.,1,1,0,0,0,0,0,0,0,0
1 win.,0,1,0,0,0,0,0,0,0,0
1 nomination.,1,0,0,0,0,0,0,0,0,0
3 nominations.,3,0,0,0,0,0,0,0,0,0
3 nominations.,3,0,0,0,0,0,0,0,0,0
2 wins & 5 nominations.,5,2,0,0,0,0,0,0,0,0
2 wins.,0,2,0,0,0,0,0,0,0,0
1 nomination.,1,0,0,0,0,0,0,0,0,0
1 win.,0,1,0,0,0,0,0,0,0,0
2 nominations.,2,0,0,0,0,0,0,0,0,0
1 win & 15 nominations.,15,1,0,0,0,0,0,0,0,0
1 win & 6 nominations.,6,1,0,0,0,0,0,0,0,0
1 win & 5 nominations.,5,1,0,0,0,0,0,0,0,0
3 wins & 3 nominations.,3,3,0,0,0,0,0,0,0,0
1 nomination.,1,0,0,0,0,0,0,0,0,0
5 nominations.,5,0,0,0,0,0,0,0,0,0
2 wins & 1 nomination.,1,2,0,0,0,0,0,0,0,0
6 wins & 6 nominations.,6,6,0,0,0,0,0,0,0,0
1 win & 1 nomination.,1,1,0,0,0,0,0,0,0,0
1 win.,0,1,0,0,0,0,0,0,0,0
1 nomination.,1,0,0,0,0,0,0,0,0,0
1 win.,0,1,0,0,0,0,0,0,0,0
1 nomination.,1,0,0,0,0,0,0,0,0,0
4 nominations.,4,0,0,0,0,0,0,0,0,0
1 nomination.,1,0,0,0,0,0,0,0,0,0
1 nomination.,1,0,0,0,0,0,0,0,0,0
1 nomination.,1,0,0,0,0,0,0,0,0,0
2 wins & 2 nominations.,2,2,0,0,0,0,0,0,0,0
1 win.,0,1,0,0,0,0,0,0,0,0
1 nomination.,1,0,0,0,0,0,0,0,0,0
2 wins & 1 nomination.,1,2,0,0,0,0,0,0,0,0
1 win.,0,1,0,0,0,0,0,0,0,0
Nominated for 1 Oscar. Another 25 wins & 51 nominations.,52,25,1,0,0,0,0,0,0,0
1 nomination.,1,0,0,0,0,0,0,0,0,0
8 wins & 20 nominations.,20,8,0,0,0,0,0,0,0,0
2 nominations.,2,0,0,0,0,0,0,0,0,0
4 nominations.,4,0,0,0,0,0,0,0,0,0
5 wins & 12 nominations.,12,5,0,0,0,0,0,0,0,0
3 wins.,0,3,0,0,0,0,0,0,0,0
1 win & 6 nominations.,6,1,0,0,0,0,0,0,0,0
7 wins & 5 nominations.,5,7,0,0,0,0,0,0,0,0
4 nominations.,4,0,0,0,0,0,0,0,0,0
2 nominations.,2,0,0,0,0,0,0,0,0,0
2 wins & 6 nominations.,6,2,0,0,0,0,0,0,0,0
1 win & 14 nominations.,14,1,0,0,0,0,0,0,0,0
Nominated for 3 Oscars. Another 13 wins & 40 nominations.,43,13,3,0,0,0,0,0,0,0
1 win & 2 nominations.,2,1,0,0,0,0,0,0,0,0
1 win & 1 nomination.,1,1,0,0,0,0,0,0,0,0
1 win & 9 nominations.,9,1,0,0,0,0,0,0,0,0
8 wins & 6 nominations.,6,8,0,0,0,0,0,0,0,0
1 nomination.,1,0,0,0,0,0,0,0,0,0
8 wins & 17 nominations.,17,8,0,0,0,0,0,0,0,0
4 wins & 1 nomination.,1,4,0,0,0,0,0,0,0,0
1 win & 1 nomination.,1,1,0,0,0,0,0,0,0,0
4 wins & 4 nominations.,4,4,0,0,0,0,0,0,0,0
5 wins.,0,5,0,0,0,0,0,0,0,0
27 wins & 31 nominations.,31,27,0,0,0,0,0,0,0,0
2 wins & 1 nomination.,1,2,0,0,0,0,0,0,0,0
1 nomination.,1,0,0,0,0,0,0,0,0,0
3 wins.,0,3,0,0,0,0,0,0,0,0
4 wins.,0,4,0,0,0,0,0,0,0,0
4 nominations.,4,0,0,0,0,0,0,0,0,0
5 wins.,0,5,0,0,0,0,0,0,0,0
2 wins & 5 nominations.,5,2,0,0,0,0,0,0,0,0
3 wins.,0,3,0,0,0,0,0,0,0,0
1 nomination.,1,0,0,0,0,0,0,0,0,0
1 win & 1 nomination.,1,1,0,0,0,0,0,0,0,0
Nominated for 1 Oscar. Another 11 wins & 24 nominations.,25,11,1,0,0,0,0,0,0,0
1 win.,0,1,0,0,0,0,0,0,0,0
3 nominations.,3,0,0,0,0,0,0,0,0,0
1 nomination.,1,0,0,0,0,0,0,0,0,0
1 nomination.,1,0,0,0,0,0,0,0,0,0
21 nominations.,21,0,0,0,0,0,0,0,0,0
4 nominations.,4,0,0,0,0,0,0,0,0,0
1 win & 2 nominations.,2,1,0,0,0,0,0,0,0,0
1 win.,0,1,0,0,0,0,0,0,0,0
7 wins & 9 nominations.,9,7,0,0,0,0,0,0,0,0
1 win.,0,1,0,0,0,0,0,0,0,0
3 wins & 32 nominations.,32,3,0,0,0,0,0,0,0,0
1 win.,0,1,0,0,0,0,0,0,0,0
2 wins & 1 nomination.,1,2,0,0,0,0,0,0,0,0
4 wins & 6 nominations.,6,4,0,0,0,0,0,0,0,0
2 wins.,0,2,0,0,0,0,0,0,0,0
4 nominations.,4,0,0,0,0,0,0,0,0,0
1 win.,0,1,0,0,0,0,0,0,0,0
2 wins.,0,2,0,0,0,0,0,0,0,0
2 nominations.,2,0,0,0,0,0,0,0,0,0
7 wins & 7 nominations.,7,7,0,0,0,0,0,0,0,0
2 wins & 1 nomination.,1,2,0,0,0,0,0,0,0,0
2 nominations.,2,0,0,0,0,0,0,0,0,0
1 win.,0,1,0,0,0,0,0,0,0,0
2 nominations.,2,0,0,0,0,0,0,0,0,0
1 nomination.,1,0,0,0,0,0,0,0,0,0
1 win & 1 nomination.,1,1,0,0,0,0,0,0,0,0
Won 6 Golden Globes. Another 80 wins & 310 nominations.,310,86,0,0,0,0,0,6,0,0
18 wins & 7 nominations.,7,18,0,0,0,0,0,0,0,0
1 win & 1 nomination.,1,1,0,0,0,0,0,0,0,0
Nominated for 3 Golden Globes. Another 3 wins & 23 nominations.,26,3,0,0,0,0,3,0,0,0
1 nomination.,1,0,0,0,0,0,0,0,0,0
1 win.,0,1,0,0,0,0,0,0,0,0
3 wins.,0,3,0,0,0,0,0,0,0,0
5 wins & 25 nominations.,25,5,0,0,0,0,0,0,0,0
3 wins.,0,3,0,0,0,0,0,0,0,0
1 nomination.,1,0,0,0,0,0,0,0,0,0
1 nomination.,1,0,0,0,0,0,0,0,0,0
1 nomination.,1,0,0,0,0,0,0,0,0,0
1 win & 1 nomination.,1,1,0,0,0,0,0,0,0,0
11 wins.,0,11,0,0,0,0,0,0,0,0
1 nomination.,1,0,0,0,0,0,0,0,0,0
2 nominations.,2,0,0,0,0,0,0,0,0,0
1 nomination.,1,0,0,0,0,0,0,0,0,0
4 wins & 1 nomination.,1,4,0,0,0,0,0,0,0,0
2 wins.,0,2,0,0,0,0,0,0,0,0
1 nomination.,1,0,0,0,0,0,0,0,0,0
1 nomination.,1,0,0,0,0,0,0,0,0,0
1 win & 1 nomination.,1,1,0,0,0,0,0,0,0,0
3 nominations.,3,0,0,0,0,0,0,0,0,0
1 win & 2 nominations.,2,1,0,0,0,0,0,0,0,0
2 wins.,0,2,0,0,0,0,0,0,0,0
6 wins & 1 nomination.,1,6,0,0,0,0,0,0,0,0
1 win.,0,1,0,0,0,0,0,0,0,0
5 wins & 9 nominations.,9,5,0,0,0,0,0,0,0,0
5 wins & 7 nominations.,7,5,0,0,0,0,0,0,0,0
1 win.,0,1,0,0,0,0,0,0,0,0
4 wins & 5 nominations.,5,4,0,0,0,0,0,0,0,0
4 nominations.,4,0,0,0,0,0,0,0,0,0
1 win & 4 nominations.,4,1,0,0,0,0,0,0,0,0
1 win & 1 nomination.,1,1,0,0,0,0,0,0,0,0
1 win.,0,1,0,0,0,0,0,0,0,0
1 win.,0,1,0,0,0,0,0,0,0,0
4 wins.,0,4,0,0,0,0,0,0,0,0
1 nomination.,1,0,0,0,0,0,0,0,0,0
1 win.,0,1,0,0,0,0,0,0,0,0
1 nomination.,1,0,0,0,0,0,0,0,0,0
2 nominations.,2,0,0,0,0,0,0,0,0,0
36 wins & 20 nominations.,20,36,0,0,0,0,0,0,0,0
1 win & 1 nomination.,1,1,0,0,0,0,0,0,0,0
12 nominations.,12,0,0,0,0,0,0,0,0,0
1 win.,0,1,0,0,0,0,0,0,0,0
3 nominations.,3,0,0,0,0,0,0,0,0,0
5 wins & 6 nominations.,6,5,0,0,0,0,0,0,0,0
1 win & 5 nominations.,5,1,0,0,0,0,0,0,0,0
1 win & 5 nominations.,5,1,0,0,0,0,0,0,0,0
1 win & 1 nomination.,1,1,0,0,0,0,0,0,0,0
4 wins & 1 nomination.,1,4,0,0,0,0,0,0,0,0
1 win.,0,1,0,0,0,0,0,0,0,0
2 wins & 19 nominations.,19,2,0,0,0,0,0,0,0,0
4 nominations.,4,0,0,0,0,0,0,0,0,0
Nominated for 2 Oscars. Another 23 wins & 99 nominations.,101,23,2,0,0,0,0,0,0,0
1 nomination.,1,0,0,0,0,0,0,0,0,0
3 wins & 6 nominations.,6,3,0,0,0,0,0,0,0,0
1 win.,0,1,0,0,0,0,0,0,0,0
1 win.,0,1,0,0,0,0,0,0,0,0
10 wins & 24 nominations.,24,10,0,0,0,0,0,0,0,0
1 nomination.,1,0,0,0,0,0,0,0,0,0
26 wins & 18 nominations.,18,26,0,0,0,0,0,0,0,0
1 nomination.,1,0,0,0,0,0,0,0,0,0
2 wins & 3 nominations.,3,2,0,0,0,0,0,0,0,0
2 nominations.,2,0,0,0,0,0,0,0,0,0
Nominated for 5 Oscars. Another 26 wins & 88 nominations.,93,26,5,0,0,0,0,0,0,0
1 win & 2 nominations.,2,1,0,0,0,0,0,0,0,0
1 win & 4 nominations.,4,1,0,0,0,0,0,0,0,0
1 win & 1 nomination.,1,1,0,0,0,0,0,0,0,0
3 nominations.,3,0,0,0,0,0,0,0,0,0
3 wins & 1 nomination.,1,3,0,0,0,0,0,0,0,0
1 win & 1 nomination.,1,1,0,0,0,0,0,0,0,0
1 nomination.,1,0,0,0,0,0,0,0,0,0
Nominated for 1 Oscar. Another 2 wins & 4 nominations.,5,2,1,0,0,0,0,0,0,0
1 win.,0,1,0,0,0,0,0,0,0,0
5 nominations.,5,0,0,0,0,0,0,0,0,0
1 win & 2 nominations.,2,1,0,0,0,0,0,0,0,0
1 nomination.,1,0,0,0,0,0,0,0,0,0
4 nominations.,4,0,0,0,0,0,0,0,0,0
2 wins & 1 nomination.,1,2,0,0,0,0,0,0,0,0
1 nomination.,1,0,0,0,0,0,0,0,0,0
3 wins & 1 nomination.,1,3,0,0,0,0,0,0,0,0
1 win & 1 nomination.,1,1,0,0,0,0,0,0,0,0
2 wins.,0,2,0,0,0,0,0,0,0,0
1 nomination.,1,0,0,0,0,0,0,0,0,0
1 win & 9 nominations.,9,1,0,0,0,0,0,0,0,0
2 wins & 1 nomination.,1,2,0,0,0,0,0,0,0,0
1 nomination.,1,0,0,0,0,0,0,0,0,0
Nominated for 1 Oscar. Another 2 wins & 14 nominations.,15,2,1,0,0,0,0,0,0,0
28 wins & 16 nominations.,16,28,0,0,0,0,0,0,0,0
1 win & 1 nomination.,1,1,0,0,0,0,0,0,0,0
1 win.,0,1,0,0,0,0,0,0,0,0
1 win & 2 nominations.,2,1,0,0,0,0,0,0,0,0
Won 1 Golden Globe. Another 10 wins & 57 nominations.,57,11,0,0,0,0,0,1,0,0
1 win & 6 nominations.,6,1,0,0,0,0,0,0,0,0
1 win & 1 nomination.,1,1,0,0,0,0,0,0,0,0
1 win.,0,1,0,0,0,0,0,0,0,0
2 wins & 2 nominations.,2,2,0,0,0,0,0,0,0,0
8 wins & 6 nominations.,6,8,0,0,0,0,0,0,0,0
1 win.,0,1,0,0,0,0,0,0,0,0
2 wins.,0,2,0,0,0,0,0,0,0,0
1 win.,0,1,0,0,0,0,0,0,0,0
5 wins & 2 nominations.,2,5,0,0,0,0,0,0,0,0
1 nomination.,1,0,0,0,0,0,0,0,0,0
2 nominations.,2,0,0,0,0,0,0,0,0,0
3 wins.,0,3,0,0,0,0,0,0,0,0
1 win & 3 nominations.,3,1,0,0,0,0,0,0,0,0
3 wins.,0,3,0,0,0,0,0,0,0,0
1 win & 6 nominations.,6,1,0,0,0,0,0,0,0,0
2 wins & 17 nominations.,17,2,0,0,0,0,0,0,0,0
1 win.,0,1,0,0,0,0,0,0,0,0
6 wins & 4 nominations.,4,6,0,0,0,0,0,0,0,0
1 win.,0,1,0,0,0,0,0,0,0,0
1 nomination.,1,0,0,0,0,0,0,0,0,0
1 nomination.,1,0,0,0,0,0,0,0,0,0
2 wins & 10 nominations.,10,2,0,0,0,0,0,0,0,0
26 wins & 24 nominations.,24,26,0,0,0,0,0,0,0,0
1 win.,0,1,0,0,0,0,0,0,0,0
1 win.,0,1,0,0,0,0,0,0,0,0
2 nominations.,2,0,0,0,0,0,0,0,0,0
1 nomination.,1,0,0,0,0,0,0,0,0,0
1 win.,0,1,0,0,0,0,0,0,0,0
1 win.,0,1,0,0,0,0,0,0,0,0
1 win.,0,1,0,0,0,0,0,0,0,0
Won 1 Primetime Emmy. Another 3 wins & 3 nominations.,3,4,0,0,0,1,0,0,0,0
2 wins.,0,2,0,0,0,0,0,0,0,0
1 win.,0,1,0,0,0,0,0,0,0,0
2 nominations.,2,0,0,0,0,0,0,0,0,0
2 wins.,0,2,0,0,0,0,0,0,0,0
3 nominations.,3,0,0,0,0,0,0,0,0,0
Nominated for 1 Oscar. Another 5 wins & 1 nomination.,2,5,1,0,0,0,0,0,0,0
Nominated for 1 Oscar. Another 1 win.,1,1,1,0,0,0,0,0,0,0
2 nominations.,2,0,0,0,0,0,0,0,0,0
2 wins.,0,2,0,0,0,0,0,0,0,0
1 win.,0,1,0,0,0,0,0,0,0,0
1 win & 1 nomination.,1,1,0,0,0,0,0,0,0,0
1 win & 4 nominations.,4,1,0,0,0,0,0,0,0,0
3 wins.,0,3,0,0,0,0,0,0,0,0
2 wins.,0,2,0,0,0,0,0,0,0,0
1 nomination.,1,0,0,0,0,0,0,0,0,0
1 nomination.,1,0,0,0,0,0,0,0,0,0
1 win & 3 nominations.,3,1,0,0,0,0,0,0,0,0
1 nomination.,1,0,0,0,0,0,0,0,0,0
1 nomination.,1,0,0,0,0,0,0,0,0,0
5 nominations.,5,0,0,0,0,0,0,0,0,0
1 win.,0,1,0,0,0,0,0,0,0,0
2 wins & 4 nominations.,4,2,0,0,0,0,0,0,0,0
1 nomination.,1,0,0,0,0,0,0,0,0,0
Won 6 Oscars. Another 48 wins & 28 nominations.,28,54,0,6,0,0,0,0,0,0
12 wins & 20 nominations.,20,12,0,0,0,0,0,0,0,0
1 win & 9 nominations.,9,1,0,0,0,0,0,0,0,0
2 nominations.,2,0,0,0,0,0,0,0,0,0
Nominated for 2 Golden Globes. Another 1 win & 4 nominations.,6,1,0,0,0,0,2,0,0,0
4 wins & 12 nominations.,12,4,0,0,0,0,0,0,0,0
Nominated for 4 Oscars. Another 28 wins & 116 nominations.,120,28,4,0,0,0,0,0,0,0
Won 1 Oscar. Another 7 wins & 29 nominations.,29,8,0,1,0,0,0,0,0,0
Nominated for 2 Oscars. Another 25 wins & 58 nominations.,60,25,2,0,0,0,0,0,0,0
1 win.,0,1,0,0,0,0,0,0,0,0
2 nominations.,2,0,0,0,0,0,0,0,0,0
1 win & 1 nomination.,1,1,0,0,0,0,0,0,0,0
2 wins & 1 nomination.,1,2,0,0,0,0,0,0,0,0
6 wins & 10 nominations.,10,6,0,0,0,0,0,0,0,0
Won 1 Golden Globe. Another 5 wins & 17 nominations.,17,6,0,0,0,0,0,1,0,0
1 nomination.,1,0,0,0,0,0,0,0,0,0
2 wins.,0,2,0,0,0,0,0,0,0,0
1 win.,0,1,0,0,0,0,0,0,0,0
2 wins & 3 nominations.,3,2,0,0,0,0,0,0,0,0
1 nomination.,1,0,0,0,0,0,0,0,0,0
1 win.,0,1,0,0,0,0,0,0,0,0
Nominated for 3 Golden Globes. Another 1 win & 25 nominations.,28,1,0,0,0,0,3,0,0,0
1 win & 7 nominations.,7,1,0,0,0,0,0,0,0,0
3 wins.,0,3,0,0,0,0,0,0,0,0
1 nomination.,1,0,0,0,0,0,0,0,0,0
2 nominations.,2,0,0,0,0,0,0,0,0,0
5 wins & 1 nomination.,1,5,0,0,0,0,0,0,0,0
1 win.,0,1,0,0,0,0,0,0,0,0
7 nominations.,7,0,0,0,0,0,0,0,0,0
2 wins & 2 nominations.,2,2,0,0,0,0,0,0,0,0
1 win.,0,1,0,0,0,0,0,0,0,0
2 nominations.,2,0,0,0,0,0,0,0,0,0
2 nominations.,2,0,0,0,0,0,0,0,0,0
1 nomination.,1,0,0,0,0,0,0,0,0,0
4 nominations.,4,0,0,0,0,0,0,0,0,0
Nominated for 1 Primetime Emmy. Another 4 wins & 17 nominations.,18,4,0,0,1,0,0,0,0,0
1 nomination.,1,0,0,0,0,0,0,0,0,0
2 wins & 10 nominations.,10,2,0,0,0,0,0,0,0,0
1 nomination.,1,0,0,0,0,0,0,0,0,0
1 win & 1 nomination.,1,1,0,0,0,0,0,0,0,0
2 wins & 8 nominations.,8,2,0,0,0,0,0,0,0,0
1 nomination.,1,0,0,0,0,0,0,0,0,0
1 win & 1 nomination.,1,1,0,0,0,0,0,0,0,0
3 wins & 10 nominations.,10,3,0,0,0,0,0,0,0,0
Nominated for 2 Primetime Emmys. Another 8 wins & 14 nominations.,16,8,0,0,2,0,0,0,0,0
1 win.,0,1,0,0,0,0,0,0,0,0
1 nomination.,1,0,0,0,0,0,0,0,0,0
4 wins & 9 nominations.,9,4,0,0,0,0,0,0,0,0
1 win.,0,1,0,0,0,0,0,0,0,0
3 nominations.,3,0,0,0,0,0,0,0,0,0
1 nomination.,1,0,0,0,0,0,0,0,0,0
1 win & 7 nominations.,7,1,0,0,0,0,0,0,0,0
7 wins & 8 nominations.,8,7,0,0,0,0,0,0,0,0
1 nomination.,1,0,0,0,0,0,0,0,0,0
1 win.,0,1,0,0,0,0,0,0,0,0
1 win & 2 nominations.,2,1,0,0,0,0,0,0,0,0
1 win & 3 nominations.,3,1,0,0,0,0,0,0,0,0
1 nomination.,1,0,0,0,0,0,0,0,0,0
1 nomination.,1,0,0,0,0,0,0,0,0,0
1 win.,0,1,0,0,0,0,0,0,0,0
11 wins & 6 nominations.,6,11,0,0,0,0,0,0,0,0
1 win.,0,1,0,0,0,0,0,0,0,0
1 nomination.,1,0,0,0,0,0,0,0,0,0
1 nomination.,1,0,0,0,0,0,0,0,0,0
8 wins & 17 nominations.,17,8,0,0,0,0,0,0,0,0
1 win.,0,1,0,0,0,0,0,0,0,0
4 nominations.,4,0,0,0,0,0,0,0,0,0
1 win & 12 nominations.,12,1,0,0,0,0,0,0,0,0
1 nomination.,1,0,0,0,0,0,0,0,0,0
6 nominations.,6,0,0,0,0,0,0,0,0,0
9 nominations.,9,0,0,0,0,0,0,0,0,0
1 win & 1 nomination.,1,1,0,0,0,0,0,0,0,0
1 nomination.,1,0,0,0,0,0,0,0,0,0
1 nomination.,1,0,0,0,0,0,0,0,0,0
Nominated for 1 Primetime Emmy. Another 1 win & 2 nominations.,3,1,0,0,1,0,0,0,0,0
3 nominations.,3,0,0,0,0,0,0,0,0,0
1 win & 1 nomination.,1,1,0,0,0,0,0,0,0,0
1 nomination.,1,0,0,0,0,0,0,0,0,0
5 wins & 11 nominations.,11,5,0,0,0,0,0,0,0,0
3 wins & 11 nominations.,11,3,0,0,0,0,0,0,0,0
4 wins & 7 nominations.,7,4,0,0,0,0,0,0,0,0
1 win & 1 nomination.,1,1,0,0,0,0,0,0,0,0
1 nomination.,1,0,0,0,0,0,0,0,0,0
6 wins & 11 nominations.,11,6,0,0,0,0,0,0,0,0
1 win.,0,1,0,0,0,0,0,0,0,0
1 win.,0,1,0,0,0,0,0,0,0,0
1 nomination.,1,0,0,0,0,0,0,0,0,0
1 nomination.,1,0,0,0,0,0,0,0,0,0
4 wins.,0,4,0,0,0,0,0,0,0,0
1 win & 3 nominations.,3,1,0,0,0,0,0,0,0,0
5 nominations.,5,0,0,0,0,0,0,0,0,0
1 nomination.,1,0,0,0,0,0,0,0,0,0
1 nomination.,1,0,0,0,0,0,0,0,0,0
1 win.,0,1,0,0,0,0,0,0,0,0
4 nominations.,4,0,0,0,0,0,0,0,0,0
1 win.,0,1,0,0,0,0,0,0,0,0
3 wins & 7 nominations.,7,3,0,0,0,0,0,0,0,0
1 nomination.,1,0,0,0,0,0,0,0,0,0
1 win.,0,1,0,0,0,0,0,0,0,0
1 nomination.,1,0,0,0,0,0,0,0,0,0
1 win & 1 nomination.,1,1,0,0,0,0,0,0,0,0
2 wins.,0,2,0,0,0,0,0,0,0,0
3 nominations.,3,0,0,0,0,0,0,0,0,0
1 nomination.,1,0,0,0,0,0,0,0,0,0
4 nominations.,4,0,0,0,0,0,0,0,0,0
5 nominations.,5,0,0,0,0,0,0,0,0,0
1 nomination.,1,0,0,0,0,0,0,0,0,0
2 wins & 4 nominations.,4,2,0,0,0,0,0,0,0,0
Nominated for 1 Oscar. Another 7 wins & 42 nominations.,43,7,1,0,0,0,0,0,0,0
Nominated for 1 Oscar. Another 34 wins & 75 nominations.,76,34,1,0,0,0,0,0,0,0
Won 3 Oscars. Another 92 wins & 150 nominations.,150,95,0,3,0,0,0,0,0,0
1 win.,0,1,0,0,0,0,0,0,0,0
Nominated for 3 Oscars. Another 46 wins & 87 nominations.,90,46,3,0,0,0,0,0,0,0
1 nomination.,1,0,0,0,0,0,0,0,0,0
20 wins & 35 nominations.,35,20,0,0,0,0,0,0,0,0
11 wins & 21 nominations.,21,11,0,0,0,0,0,0,0,0
2 wins & 3 nominations.,3,2,0,0,0,0,0,0,0,0
Nominated for 3 Oscars. Another 34 wins & 88 nominations.,91,34,3,0,0,0,0,0,0,0
1 win & 4 nominations.,4,1,0,0,0,0,0,0,0,0
2 wins & 1 nomination.,1,2,0,0,0,0,0,0,0,0
22 wins & 68 nominations.,68,22,0,0,0,0,0,0,0,0
1 win & 4 nominations.,4,1,0,0,0,0,0,0,0,0
32 wins & 86 nominations.,86,32,0,0,0,0,0,0,0,0
2 wins & 1 nomination.,1,2,0,0,0,0,0,0,0,0
1 win & 2 nominations.,2,1,0,0,0,0,0,0,0,0
2 wins & 4 nominations.,4,2,0,0,0,0,0,0,0,0
1 win & 1 nomination.,1,1,0,0,0,0,0,0,0,0
8 wins & 19 nominations.,19,8,0,0,0,0,0,0,0,0
1 win & 12 nominations.,12,1,0,0,0,0,0,0,0,0
1 nomination.,1,0,0,0,0,0,0,0,0,0
2 wins & 1 nomination.,1,2,0,0,0,0,0,0,0,0
Nominated for 1 Oscar. Another 13 wins & 26 nominations.,27,13,1,0,0,0,0,0,0,0
11 wins & 62 nominations.,62,11,0,0,0,0,0,0,0,0
3 wins & 2 nominations.,2,3,0,0,0,0,0,0,0,0
1 win & 1 nomination.,1,1,0,0,0,0,0,0,0,0
1 win.,0,1,0,0,0,0,0,0,0,0
1 win & 1 nomination.,1,1,0,0,0,0,0,0,0,0
2 nominations.,2,0,0,0,0,0,0,0,0,0
5 wins & 6 nominations.,6,5,0,0,0,0,0,0,0,0
1 win & 1 nomination.,1,1,0,0,0,0,0,0,0,0
2 wins & 6 nominations.,6,2,0,0,0,0,0,0,0,0
2 wins & 2 nominations.,2,2,0,0,0,0,0,0,0,0
1 win & 1 nomination.,1,1,0,0,0,0,0,0,0,0
1 win.,0,1,0,0,0,0,0,0,0,0
1 nomination.,1,0,0,0,0,0,0,0,0,0
1 nomination.,1,0,0,0,0,0,0,0,0,0
2 nominations.,2,0,0,0,0,0,0,0,0,0
1 win & 1 nomination.,1,1,0,0,0,0,0,0,0,0
7 wins & 12 nominations.,12,7,0,0,0,0,0,0,0,0
3 wins & 2 nominations.,2,3,0,0,0,0,0,0,0,0
1 nomination.,1,0,0,0,0,0,0,0,0,0
3 wins & 9 nominations.,9,3,0,0,0,0,0,0,0,0
4 nominations.,4,0,0,0,0,0,0,0,0,0
1 nomination.,1,0,0,0,0,0,0,0,0,0
1 nomination.,1,0,0,0,0,0,0,0,0,0
1 win.,0,1,0,0,0,0,0,0,0,0
3 nominations.,3,0,0,0,0,0,0,0,0,0
2 nominations.,2,0,0,0,0,0,0,0,0,0
Nominated for 2 Primetime Emmys. Another 1 win & 1 nomination.,3,1,0,0,2,0,0,0,0,0
1 win & 2 nominations.,2,1,0,0,0,0,0,0,0,0
9 wins & 2 nominations.,2,9,0,0,0,0,0,0,0,0
Won 1 Primetime Emmy. Another 2 wins & 20 nominations.,20,3,0,0,0,1,0,0,0,0
2 wins.,0,2,0,0,0,0,0,0,0,0
1 nomination.,1,0,0,0,0,0,0,0,0,0
1 nomination.,1,0,0,0,0,0,0,0,0,0
Nominated for 1 Primetime Emmy. Another 1 win & 26 nominations.,27,1,0,0,1,0,0,0,0,0
1 win.,0,1,0,0,0,0,0,0,0,0
1 nomination.,1,0,0,0,0,0,0,0,0,0
2 wins & 1 nomination.,1,2,0,0,0,0,0,0,0,0
3 nominations.,3,0,0,0,0,0,0,0,0,0
2 nominations.,2,0,0,0,0,0,0,0,0,0
3 wins & 13 nominations.,13,3,0,0,0,0,0,0,0,0
1 nomination.,1,0,0,0,0,0,0,0,0,0
3 wins & 1 nomination.,1,3,0,0,0,0,0,0,0,0
6 wins & 13 nominations.,13,6,0,0,0,0,0,0,0,0
1 win.,0,1,0,0,0,0,0,0,0,0
3 wins & 2 nominations.,2,3,0,0,0,0,0,0,0,0
1 win & 2 nominations.,2,1,0,0,0,0,0,0,0,0
1 nomination.,1,0,0,0,0,0,0,0,0,0
2 wins & 6 nominations.,6,2,0,0,0,0,0,0,0,0
2 nominations.,2,0,0,0,0,0,0,0,0,0
1 win & 1 nomination.,1,1,0,0,0,0,0,0,0,0
1 win.,0,1,0,0,0,0,0,0,0,0
10 wins & 5 nominations.,5,10,0,0,0,0,0,0,0,0
1 win.,0,1,0,0,0,0,0,0,0,0
1 nomination.,1,0,0,0,0,0,0,0,0,0
2 nominations.,2,0,0,0,0,0,0,0,0,0
1 win.,0,1,0,0,0,0,0,0,0,0
2 nominations.,2,0,0,0,0,0,0,0,0,0
2 wins & 1 nomination.,1,2,0,0,0,0,0,0,0,0
2 nominations.,2,0,0,0,0,0,0,0,0,0
1 win.,0,1,0,0,0,0,0,0,0,0
1 win.,0,1,0,0,0,0,0,0,0,0
1 nomination.,1,0,0,0,0,0,0,0,0,0
1 win & 1 nomination.,1,1,0,0,0,0,0,0,0,0
4 wins.,0,4,0,0,0,0,0,0,0,0
Won 1 Primetime Emmy. Another 3 wins & 11 nominations.,11,4,0,0,0,1,0,0,0,0
2 wins & 5 nominations.,5,2,0,0,0,0,0,0,0,0
1 win.,0,1,0,0,0,0,0,0,0,0
1 win.,0,1,0,0,0,0,0,0,0,0
1 win.,0,1,0,0,0,0,0,0,0,0
1 nomination.,1,0,0,0,0,0,0,0,0,0
3 nominations.,3,0,0,0,0,0,0,0,0,0
6 nominations.,6,0,0,0,0,0,0,0,0,0
4 wins & 4 nominations.,4,4,0,0,0,0,0,0,0,0
1 nomination.,1,0,0,0,0,0,0,0,0,0
2 wins.,0,2,0,0,0,0,0,0,0,0
1 win.,0,1,0,0,0,0,0,0,0,0
1 win & 2 nominations.,2,1,0,0,0,0,0,0,0,0
2 nominations.,2,0,0,0,0,0,0,0,0,0
2 wins & 27 nominations.,27,2,0,0,0,0,0,0,0,0
1 nomination.,1,0,0,0,0,0,0,0,0,0
3 wins & 1 nomination.,1,3,0,0,0,0,0,0,0,0
2 wins.,0,2,0,0,0,0,0,0,0,0
1 win.,0,1,0,0,0,0,0,0,0,0
Won 1 Primetime Emmy. Another 4 nominations.,4,1,0,0,0,1,0,0,0,0
1 win.,0,1,0,0,0,0,0,0,0,0
2 wins & 4 nominations.,4,2,0,0,0,0,0,0,0,0
1 win.,0,1,0,0,0,0,0,0,0,0
13 wins & 7 nominations.,7,13,0,0,0,0,0,0,0,0
2 wins & 5 nominations.,5,2,0,0,0,0,0,0,0,0
3 wins.,0,3,0,0,0,0,0,0,0,0
2 wins & 5 nominations.,5,2,0,0,0,0,0,0,0,0
1 nomination.,1,0,0,0,0,0,0,0,0,0
2 nominations.,2,0,0,0,0,0,0,0,0,0
13 wins & 5 nominations.,5,13,0,0,0,0,0,0,0,0
2 nominations.,2,0,0,0,0,0,0,0,0,0
1 nomination.,1,0,0,0,0,0,0,0,0,0
1 win & 1 nomination.,1,1,0,0,0,0,0,0,0,0
4 wins & 16 nominations.,16,4,0,0,0,0,0,0,0,0
3 nominations.,3,0,0,0,0,0,0,0,0,0
1 nomination.,1,0,0,0,0,0,0,0,0,0
1 win.,0,1,0,0,0,0,0,0,0,0
1 win.,0,1,0,0,0,0,0,0,0,0
1 win & 4 nominations.,4,1,0,0,0,0,0,0,0,0
1 nomination.,1,0,0,0,0,0,0,0,0,0
1 win & 1 nomination.,1,1,0,0,0,0,0,0,0,0
2 wins & 2 nominations.,2,2,0,0,0,0,0,0,0,0
4 nominations.,4,0,0,0,0,0,0,0,0,0
1 nomination.,1,0,0,0,0,0,0,0,0,0
1 nomination.,1,0,0,0,0,0,0,0,0,0
1 win & 1 nomination.,1,1,0,0,0,0,0,0,0,0
6 nominations.,6,0,0,0,0,0,0,0,0,0
1 nomination.,1,0,0,0,0,0,0,0,0,0
1 nomination.,1,0,0,0,0,0,0,0,0,0
1 nomination.,1,0,0,0,0,0,0,0,0,0
1 nomination.,1,0,0,0,0,0,0,0,0,0
2 nominations.,2,0,0,0,0,0,0,0,0,0
1 nomination.,1,0,0,0,0,0,0,0,0,0
1 nomination.,1,0,0,0,0,0,0,0,0,0
1 nomination.,1,0,0,0,0,0,0,0,0,0
Nominated for 1 Primetime Emmy. Another 3 nominations.,4,0,0,0,1,0,0,0,0,0
1 nomination.,1,0,0,0,0,0,0,0,0,0
1 nomination.,1,0,0,0,0,0,0,0,0,0
Won 2 Primetime Emmys. Another 2 nominations.,2,2,0,0,0,2,0,0,0,0
1 nomination.,1,0,0,0,0,0,0,0,0,0
1 win & 2 nominations.,2,1,0,0,0,0,0,0,0,0
3 nominations.,3,0,0,0,0,0,0,0,0,0
1 nomination.,1,0,0,0,0,0,0,0,0,0
1 nomination.,1,0,0,0,0,0,0,0,0,0
1 nomination.,1,0,0,0,0,0,0,0,0,0
1 nomination.,1,0,0,0,0,0,0,0,0,0
1 nomination.,1,0,0,0,0,0,0,0,0,0
1 nomination.,1,0,0,0,0,0,0,0,0,0
1 nomination.,1,0,0,0,0,0,0,0,0,0
1 win & 1 nomination.,1,1,0,0,0,0,0,0,0,0
2 nominations.,2,0,0,0,0,0,0,0,0,0
Won 1 Oscar. Another 13 wins & 7 nominations.,7,14,0,1,0,0,0,0,0,0
Won 1 Oscar. Another 13 wins & 7 nominations.,7,14,0,1,0,0,0,0,0,0
Won 3 Golden Globes. Another 13 wins & 19 nominations.,19,16,0,0,0,0,0,3,0,0
Won 6 Oscars. Another 48 wins & 28 nominations.,28,54,0,6,0,0,0,0,0,0
1 win & 2 nominations.,2,1,0,0,0,0,0,0,0,0
1 win.,0,1,0,0,0,0,0,0,0,0
1 win.,0,1,0,0,0,0,0,0,0,0
Won 18 Primetime Emmys. Another 16 wins & 60 nominations.,60,34,0,0,0,18,0,0,0,0
Nominated for 1 Golden Globe. Another 4 wins & 5 nominations.,6,4,0,0,0,0,1,0,0,0
5 wins & 16 nominations.,16,5,0,0,0,0,0,0,0,0
1 nomination.,1,0,0,0,0,0,0,0,0,0
6 wins & 5 nominations.,5,6,0,0,0,0,0,0,0,0
5 nominations.,5,0,0,0,0,0,0,0,0,0
2 nominations.,2,0,0,0,0,0,0,0,0,0
Won 3 Primetime Emmys. Another 34 wins & 89 nominations.,89,37,0,0,0,3,0,0,0,0
Nominated for 3 Oscars. Another 19 wins & 40 nominations.,43,19,3,0,0,0,0,0,0,0
2 wins & 4 nominations.,4,2,0,0,0,0,0,0,0,0
1 win & 7 nominations.,7,1,0,0,0,0,0,0,0,0
Nominated for 1 Oscar. Another 5 wins & 41 nominations.,42,5,1,0,0,0,0,0,0,0
1 win.,0,1,0,0,0,0,0,0,0,0
7 wins & 42 nominations.,42,7,0,0,0,0,0,0,0,0
Nominated for 1 Oscar. Another 8 wins & 58 nominations.,59,8,1,0,0,0,0,0,0,0
Won 1 Oscar. Another 39 wins & 134 nominations.,134,40,0,1,0,0,0,0,0,0
3 wins & 23 nominations.,23,3,0,0,0,0,0,0,0,0
2 wins & 3 nominations.,3,2,0,0,0,0,0,0,0,0
5 wins & 28 nominations.,28,5,0,0,0,0,0,0,0,0
Nominated for 1 Oscar. Another 34 wins & 75 nominations.,76,34,1,0,0,0,0,0,0,0
2 wins & 21 nominations.,21,2,0,0,0,0,0,0,0,0
2 wins & 16 nominations.,16,2,0,0,0,0,0,0,0,0
Nominated for 2 Golden Globes. Another 20 wins & 52 nominations.,54,20,0,0,0,0,2,0,0,0
2 wins & 1 nomination.,1,2,0,0,0,0,0,0,0,0
2 wins & 4 nominations.,4,2,0,0,0,0,0,0,0,0
2 wins & 7 nominations.,7,2,0,0,0,0,0,0,0,0
1 win.,0,1,0,0,0,0,0,0,0,0
2 nominations.,2,0,0,0,0,0,0,0,0,0
Nominated for 2 Oscars. Another 4 wins & 17 nominations.,19,4,2,0,0,0,0,0,0,0
1 win & 23 nominations.,23,1,0,0,0,0,0,0,0,0
4 wins & 1 nomination.,1,4,0,0,0,0,0,0,0,0
1 win & 10 nominations.,10,1,0,0,0,0,0,0,0,0
Nominated for 1 Oscar. Another 17 wins & 53 nominations.,54,17,1,0,0,0,0,0,0,0
Won 2 Oscars. Another 44 wins & 74 nominations.,74,46,0,2,0,0,0,0,0,0
2 wins & 1 nomination.,1,2,0,0,0,0,0,0,0,0
Nominated for 1 Oscar. Another 6 wins & 46 nominations.,47,6,1,0,0,0,0,0,0,0
1 win & 4 nominations.,4,1,0,0,0,0,0,0,0,0
2 wins & 11 nominations.,11,2,0,0,0,0,0,0,0,0
Nominated for 1 BAFTA Film Award. Another 9 wins & 54 nominations.,55,9,0,0,0,0,0,0,1,0
Won 7 Oscars. Another 215 wins & 169 nominations.,169,222,0,7,0,0,0,0,0,0
1 nomination.,1,0,0,0,0,0,0,0,0,0
Nominated for 1 Oscar. Another 70 wins & 59 nominations.,60,70,1,0,0,0,0,0,0,0
4 nominations.,4,0,0,0,0,0,0,0,0,0
4 wins & 10 nominations.,10,4,0,0,0,0,0,0,0,0
Nominated for 1 Oscar. Another 9 wins & 40 nominations.,41,9,1,0,0,0,0,0,0,0
1 win & 9 nominations.,9,1,0,0,0,0,0,0,0,0
3 wins & 2 nominations.,2,3,0,0,0,0,0,0,0,0
Nominated for 3 Primetime Emmys. Another 14 nominations.,17,0,0,0,3,0,0,0,0,0
3 wins & 7 nominations.,7,3,0,0,0,0,0,0,0,0
2 nominations.,2,0,0,0,0,0,0,0,0,0
5 wins & 31 nominations.,31,5,0,0,0,0,0,0,0,0
11 wins & 34 nominations.,34,11,0,0,0,0,0,0,0,0
2 wins & 2 nominations.,2,2,0,0,0,0,0,0,0,0
Nominated for 1 Oscar. Another 13 wins & 59 nominations.,60,13,1,0,0,0,0,0,0,0
1 win & 7 nominations.,7,1,0,0,0,0,0,0,0,0
1 nomination.,1,0,0,0,0,0,0,0,0,0
Nominated for 1 BAFTA Film Award. Another 5 wins & 42 nominations.,43,5,0,0,0,0,0,0,1,0
1 win & 3 nominations.,3,1,0,0,0,0,0,0,0,0
Nominated for 2 Oscars. Another 12 wins & 63 nominations.,65,12,2,0,0,0,0,0,0,0
1 nomination.,1,0,0,0,0,0,0,0,0,0
5 nominations.,5,0,0,0,0,0,0,0,0,0
1 nomination.,1,0,0,0,0,0,0,0,0,0
1 win & 7 nominations.,7,1,0,0,0,0,0,0,0,0
14 wins.,0,14,0,0,0,0,0,0,0,0
3 nominations.,3,0,0,0,0,0,0,0,0,0
2 wins.,0,2,0,0,0,0,0,0,0,0
1 win & 6 nominations.,6,1,0,0,0,0,0,0,0,0
2 wins & 3 nominations.,3,2,0,0,0,0,0,0,0,0
8 nominations.,8,0,0,0,0,0,0,0,0,0
1 nomination.,1,0,0,0,0,0,0,0,0,0
4 wins & 10 nominations.,10,4,0,0,0,0,0,0,0,0
2 wins & 16 nominations.,16,2,0,0,0,0,0,0,0,0
3 wins & 7 nominations.,7,3,0,0,0,0,0,0,0,0
1 win & 4 nominations.,4,1,0,0,0,0,0,0,0,0
1 nomination.,1,0,0,0,0,0,0,0,0,0
2 wins & 5 nominations.,5,2,0,0,0,0,0,0,0,0
1 win & 1 nomination.,1,1,0,0,0,0,0,0,0,0
1 win.,0,1,0,0,0,0,0,0,0,0
2 nominations.,2,0,0,0,0,0,0,0,0,0
Nominated for 1 Oscar. Another 5 wins & 49 nominations.,50,5,1,0,0,0,0,0,0,0
18 wins & 22 nominations.,22,18,0,0,0,0,0,0,0,0
Won 2 Golden Globes. Another 25 wins & 162 nominations.,162,27,0,0,0,0,0,2,0,0
1 win & 11 nominations.,11,1,0,0,0,0,0,0,0,0
Nominated for 1 Oscar. Another 11 wins & 21 nominations.,22,11,1,0,0,0,0,0,0,0
3 wins & 29 nominations.,29,3,0,0,0,0,0,0,0,0
Nominated for 1 Oscar. Another 15 wins & 42 nominations.,43,15,1,0,0,0,0,0,0,0
9 wins & 4 nominations.,4,9,0,0,0,0,0,0,0,0
8 wins & 21 nominations.,21,8,0,0,0,0,0,0,0,0
1 win & 10 nominations.,10,1,0,0,0,0,0,0,0,0
1 win & 6 nominations.,6,1,0,0,0,0,0,0,0,0
1 win.,0,1,0,0,0,0,0,0,0,0
Nominated for 1 BAFTA Film Award. Another 2 wins & 4 nominations.,5,2,0,0,0,0,0,0,1,0
1 nomination.,1,0,0,0,0,0,0,0,0,0
2 nominations.,2,0,0,0,0,0,0,0,0,0
5 wins & 7 nominations.,7,5,0,0,0,0,0,0,0,0
2 nominations.,2,0,0,0,0,0,0,0,0,0
2 wins & 6 nominations.,6,2,0,0,0,0,0,0,0,0
Nominated for 1 Golden Globe. Another 21 wins & 59 nominations.,60,21,0,0,0,0,1,0,0,0
Nominated for 1 Golden Globe. Another 16 wins & 26 nominations.,27,16,0,0,0,0,1,0,0,0
2 wins & 3 nominations.,3,2,0,0,0,0,0,0,0,0
1 win.,0,1,0,0,0,0,0,0,0,0
8 wins & 6 nominations.,6,8,0,0,0,0,0,0,0,0
2 wins & 1 nomination.,1,2,0,0,0,0,0,0,0,0
2 wins & 5 nominations.,5,2,0,0,0,0,0,0,0,0
1 win.,0,1,0,0,0,0,0,0,0,0
2 wins & 18 nominations.,18,2,0,0,0,0,0,0,0,0
16 nominations.,16,0,0,0,0,0,0,0,0,0
3 nominations.,3,0,0,0,0,0,0,0,0,0
6 wins & 11 nominations.,11,6,0,0,0,0,0,0,0,0
2 nominations.,2,0,0,0,0,0,0,0,0,0
Nominated for 2 Oscars. Another 48 wins & 92 nominations.,94,48,2,0,0,0,0,0,0,0
1 nomination.,1,0,0,0,0,0,0,0,0,0
Nominated for 1 Oscar. Another 3 wins & 45 nominations.,46,3,1,0,0,0,0,0,0,0
Won 1 Primetime Emmy. Another 1 win & 5 nominations.,5,2,0,0,0,1,0,0,0,0
9 wins & 3 nominations.,3,9,0,0,0,0,0,0,0,0
1 nomination.,1,0,0,0,0,0,0,0,0,0
Won 3 Oscars. Another 234 wins & 312 nominations.,312,237,0,3,0,0,0,0,0,0
1 nomination.,1,0,0,0,0,0,0,0,0,0
7 nominations.,7,0,0,0,0,0,0,0,0,0
1 win.,0,1,0,0,0,0,0,0,0,0
3 wins.,0,3,0,0,0,0,0,0,0,0
Nominated for 2 Primetime Emmys. Another 1 win & 2 nominations.,4,1,0,0,2,0,0,0,0,0
1 win & 6 nominations.,6,1,0,0,0,0,0,0,0,0
4 wins.,0,4,0,0,0,0,0,0,0,0
10 wins & 23 nominations.,23,10,0,0,0,0,0,0,0,0
2 wins.,0,2,0,0,0,0,0,0,0,0
1 win.,0,1,0,0,0,0,0,0,0,0
1 win & 3 nominations.,3,1,0,0,0,0,0,0,0,0
Nominated for 2 Primetime Emmys. Another 4 wins & 15 nominations.,17,4,0,0,2,0,0,0,0,0
1 win & 2 nominations.,2,1,0,0,0,0,0,0,0,0
Nominated for 1 Oscar. Another 12 wins & 71 nominations.,72,12,1,0,0,0,0,0,0,0
2 nominations.,2,0,0,0,0,0,0,0,0,0
Won 1 Golden Globe. Another 4 wins & 16 nominations.,16,5,0,0,0,0,0,1,0,0
1 win & 1 nomination.,1,1,0,0,0,0,0,0,0,0
2 wins & 18 nominations.,18,2,0,0,0,0,0,0,0,0
9 wins & 13 nominations.,13,9,0,0,0,0,0,0,0,0
1 nomination.,1,0,0,0,0,0,0,0,0,0
5 nominations.,5,0,0,0,0,0,0,0,0,0
Nominated for 3 Oscars. Another 11 wins & 69 nominations.,72,11,3,0,0,0,0,0,0,0
2 nominations.,2,0,0,0,0,0,0,0,0,0
Nominated for 3 Primetime Emmys. Another 2 wins & 48 nominations.,51,2,0,0,3,0,0,0,0,0
1 nomination.,1,0,0,0,0,0,0,0,0,0
1 win & 1 nomination.,1,1,0,0,0,0,0,0,0,0
4 wins & 12 nominations.,12,4,0,0,0,0,0,0,0,0
1 win.,0,1,0,0,0,0,0,0,0,0
3 wins & 9 nominations.,9,3,0,0,0,0,0,0,0,0
2 wins & 3 nominations.,3,2,0,0,0,0,0,0,0,0
8 wins & 11 nominations.,11,8,0,0,0,0,0,0,0,0
2 nominations.,2,0,0,0,0,0,0,0,0,0
3 wins & 4 nominations.,4,3,0,0,0,0,0,0,0,0
2 wins & 5 nominations.,5,2,0,0,0,0,0,0,0,0
1 win.,0,1,0,0,0,0,0,0,0,0
1 win & 28 nominations.,28,1,0,0,0,0,0,0,0,0
13 wins & 11 nominations.,11,13,0,0,0,0,0,0,0,0
1 nomination.,1,0,0,0,0,0,0,0,0,0
2 nominations.,2,0,0,0,0,0,0,0,0,0
1 win & 1 nomination.,1,1,0,0,0,0,0,0,0,0
1 win & 1 nomination.,1,1,0,0,0,0,0,0,0,0
Won 1 Oscar. Another 13 wins & 53 nominations.,53,14,0,1,0,0,0,0,0,0
1 win.,0,1,0,0,0,0,0,0,0,0
1 win & 3 nominations.,3,1,0,0,0,0,0,0,0,0
19 wins & 21 nominations.,21,19,0,0,0,0,0,0,0,0
1 win.,0,1,0,0,0,0,0,0,0,0
1 win & 8 nominations.,8,1,0,0,0,0,0,0,0,0
3 wins & 4 nominations.,4,3,0,0,0,0,0,0,0,0
1 nomination.,1,0,0,0,0,0,0,0,0,0
Nominated for 1 Golden Globe. Another 3 wins & 27 nominations.,28,3,0,0,0,0,1,0,0,0
7 wins & 4 nominations.,4,7,0,0,0,0,0,0,0,0
1 win & 3 nominations.,3,1,0,0,0,0,0,0,0,0
2 wins & 1 nomination.,1,2,0,0,0,0,0,0,0,0
Nominated for 1 Oscar. Another 64 wins & 169 nominations.,170,64,1,0,0,0,0,0,0,0
3 wins & 7 nominations.,7,3,0,0,0,0,0,0,0,0
1 win.,0,1,0,0,0,0,0,0,0,0
2 wins.,0,2,0,0,0,0,0,0,0,0
Won 4 Oscars. Another 122 wins & 213 nominations.,213,126,0,4,0,0,0,0,0,0
1 win.,0,1,0,0,0,0,0,0,0,0
3 wins & 11 nominations.,11,3,0,0,0,0,0,0,0,0
3 wins & 4 nominations.,4,3,0,0,0,0,0,0,0,0
3 nominations.,3,0,0,0,0,0,0,0,0,0
1 nomination.,1,0,0,0,0,0,0,0,0,0
2 wins & 2 nominations.,2,2,0,0,0,0,0,0,0,0
Won 2 Oscars. Another 72 wins & 57 nominations.,57,74,0,2,0,0,0,0,0,0
3 wins & 5 nominations.,5,3,0,0,0,0,0,0,0,0
3 nominations.,3,0,0,0,0,0,0,0,0,0
1 nomination.,1,0,0,0,0,0,0,0,0,0
Nominated for 1 Oscar. Another 6 wins & 45 nominations.,46,6,1,0,0,0,0,0,0,0
1 win & 4 nominations.,4,1,0,0,0,0,0,0,0,0
1 win & 3 nominations.,3,1,0,0,0,0,0,0,0,0
2 wins & 5 nominations.,5,2,0,0,0,0,0,0,0,0
5 wins & 2 nominations.,2,5,0,0,0,0,0,0,0,0
11 nominations.,11,0,0,0,0,0,0,0,0,0
1 win & 4 nominations.,4,1,0,0,0,0,0,0,0,0
1 nomination.,1,0,0,0,0,0,0,0,0,0
1 nomination.,1,0,0,0,0,0,0,0,0,0
2 nominations.,2,0,0,0,0,0,0,0,0,0
Nominated for 1 Primetime Emmy. Another 1 win & 5 nominations.,6,1,0,0,1,0,0,0,0,0
2 nominations.,2,0,0,0,0,0,0,0,0,0
7 wins & 18 nominations.,18,7,0,0,0,0,0,0,0,0
2 nominations.,2,0,0,0,0,0,0,0,0,0
1 win & 19 nominations.,19,1,0,0,0,0,0,0,0,0
2 wins & 5 nominations.,5,2,0,0,0,0,0,0,0,0
23 wins & 27 nominations.,27,23,0,0,0,0,0,0,0,0
1 win & 1 nomination.,1,1,0,0,0,0,0,0,0,0
2 nominations.,2,0,0,0,0,0,0,0,0,0
Nominated for 2 Primetime Emmys. Another 2 wins & 21 nominations.,23,2,0,0,2,0,0,0,0,0
1 win & 4 nominations.,4,1,0,0,0,0,0,0,0,0
1 win & 1 nomination.,1,1,0,0,0,0,0,0,0,0
1 win & 1 nomination.,1,1,0,0,0,0,0,0,0,0
Nominated for 6 Golden Globes. Another 43 wins & 92 nominations.,98,43,0,0,0,0,6,0,0,0
3 wins & 7 nominations.,7,3,0,0,0,0,0,0,0,0
4 wins & 3 nominations.,3,4,0,0,0,0,0,0,0,0
2 wins & 7 nominations.,7,2,0,0,0,0,0,0,0,0
Won 3 Primetime Emmys. Another 2 wins & 17 nominations.,17,5,0,0,0,3,0,0,0,0
2 nominations.,2,0,0,0,0,0,0,0,0,0
11 nominations.,11,0,0,0,0,0,0,0,0,0
1 win.,0,1,0,0,0,0,0,0,0,0
2 wins & 2 nominations.,2,2,0,0,0,0,0,0,0,0
4 wins & 5 nominations.,5,4,0,0,0,0,0,0,0,0
14 wins & 26 nominations.,26,14,0,0,0,0,0,0,0,0
4 wins & 9 nominations.,9,4,0,0,0,0,0,0,0,0
2 wins & 1 nomination.,1,2,0,0,0,0,0,0,0,0
3 wins.,0,3,0,0,0,0,0,0,0,0
2 wins & 9 nominations.,9,2,0,0,0,0,0,0,0,0
1 nomination.,1,0,0,0,0,0,0,0,0,0
2 nominations.,2,0,0,0,0,0,0,0,0,0
1 win & 1 nomination.,1,1,0,0,0,0,0,0,0,0
4 wins & 8 nominations.,8,4,0,0,0,0,0,0,0,0
3 wins & 3 nominations.,3,3,0,0,0,0,0,0,0,0
2 nominations.,2,0,0,0,0,0,0,0,0,0
5 wins & 9 nominations.,9,5,0,0,0,0,0,0,0,0
6 nominations.,6,0,0,0,0,0,0,0,0,0
4 wins & 9 nominations.,9,4,0,0,0,0,0,0,0,0
2 nominations.,2,0,0,0,0,0,0,0,0,0
4 nominations.,4,0,0,0,0,0,0,0,0,0
11 wins & 6 nominations.,6,11,0,0,0,0,0,0,0,0
1 nomination.,1,0,0,0,0,0,0,0,0,0
5 wins & 2 nominations.,2,5,0,0,0,0,0,0,0,0
Nominated for 1 Golden Globe. Another 12 wins & 35 nominations.,36,12,0,0,0,0,1,0,0,0
7 wins & 3 nominations.,3,7,0,0,0,0,0,0,0,0
2 wins.,0,2,0,0,0,0,0,0,0,0
1 nomination.,1,0,0,0,0,0,0,0,0,0
1 win.,0,1,0,0,0,0,0,0,0,0
1 win.,0,1,0,0,0,0,0,0,0,0
4 nominations.,4,0,0,0,0,0,0,0,0,0
1 win & 1 nomination.,1,1,0,0,0,0,0,0,0,0
1 win.,0,1,0,0,0,0,0,0,0,0
3 nominations.,3,0,0,0,0,0,0,0,0,0
1 win.,0,1,0,0,0,0,0,0,0,0
7 wins & 4 nominations.,4,7,0,0,0,0,0,0,0,0
1 win & 1 nomination.,1,1,0,0,0,0,0,0,0,0
1 win & 6 nominations.,6,1,0,0,0,0,0,0,0,0
3 wins & 4 nominations.,4,3,0,0,0,0,0,0,0,0
8 nominations.,8,0,0,0,0,0,0,0,0,0
1 win.,0,1,0,0,0,0,0,0,0,0
10 wins & 38 nominations.,38,10,0,0,0,0,0,0,0,0
2 wins.,0,2,0,0,0,0,0,0,0,0
Won 2 Golden Globes. Another 7 wins & 54 nominations.,54,9,0,0,0,0,0,2,0,0
2 nominations.,2,0,0,0,0,0,0,0,0,0
1 nomination.,1,0,0,0,0,0,0,0,0,0
1 nomination.,1,0,0,0,0,0,0,0,0,0
7 wins & 2 nominations.,2,7,0,0,0,0,0,0,0,0
1 nomination.,1,0,0,0,0,0,0,0,0,0
2 wins & 2 nominations.,2,2,0,0,0,0,0,0,0,0
2 nominations.,2,0,0,0,0,0,0,0,0,0
1 win.,0,1,0,0,0,0,0,0,0,0
1 nomination.,1,0,0,0,0,0,0,0,0,0
1 win & 1 nomination.,1,1,0,0,0,0,0,0,0,0
1 nomination.,1,0,0,0,0,0,0,0,0,0
1 win.,0,1,0,0,0,0,0,0,0,0
1 nomination.,1,0,0,0,0,0,0,0,0,0
4 wins & 2 nominations.,2,4,0,0,0,0,0,0,0,0
Nominated for 1 Primetime Emmy. Another 1 win & 6 nominations.,7,1,0,0,1,0,0,0,0,0
4 wins & 7 nominations.,7,4,0,0,0,0,0,0,0,0
1 win.,0,1,0,0,0,0,0,0,0,0
1 win & 1 nomination.,1,1,0,0,0,0,0,0,0,0
1 nomination.,1,0,0,0,0,0,0,0,0,0
2 nominations.,2,0,0,0,0,0,0,0,0,0
1 nomination.,1,0,0,0,0,0,0,0,0,0
1 win & 2 nominations.,2,1,0,0,0,0,0,0,0,0
1 win & 6 nominations.,6,1,0,0,0,0,0,0,0,0
2 wins & 2 nominations.,2,2,0,0,0,0,0,0,0,0
1 nomination.,1,0,0,0,0,0,0,0,0,0
1 win & 1 nomination.,1,1,0,0,0,0,0,0,0,0
1 win.,0,1,0,0,0,0,0,0,0,0
Nominated for 2 Golden Globes. Another 10 wins & 46 nominations.,48,10,0,0,0,0,2,0,0,0
8 nominations.,8,0,0,0,0,0,0,0,0,0
13 wins & 8 nominations.,8,13,0,0,0,0,0,0,0,0
1 nomination.,1,0,0,0,0,0,0,0,0,0
1 nomination.,1,0,0,0,0,0,0,0,0,0
1 win.,0,1,0,0,0,0,0,0,0,0
1 nomination.,1,0,0,0,0,0,0,0,0,0
1 win & 1 nomination.,1,1,0,0,0,0,0,0,0,0
4 wins & 5 nominations.,5,4,0,0,0,0,0,0,0,0
2 wins & 15 nominations.,15,2,0,0,0,0,0,0,0,0
1 win & 6 nominations.,6,1,0,0,0,0,0,0,0,0
1 win.,0,1,0,0,0,0,0,0,0,0
5 wins & 2 nominations.,2,5,0,0,0,0,0,0,0,0
10 wins & 2 nominations.,2,10,0,0,0,0,0,0,0,0
1 win & 4 nominations.,4,1,0,0,0,0,0,0,0,0
2 nominations.,2,0,0,0,0,0,0,0,0,0
2 nominations.,2,0,0,0,0,0,0,0,0,0
1 nomination.,1,0,0,0,0,0,0,0,0,0
2 nominations.,2,0,0,0,0,0,0,0,0,0
3 nominations.,3,0,0,0,0,0,0,0,0,0
1 nomination.,1,0,0,0,0,0,0,0,0,0
Nominated for 1 Primetime Emmy. Another 30 nominations.,31,0,0,0,1,0,0,0,0,0
1 nomination.,1,0,0,0,0,0,0,0,0,0
1 win.,0,1,0,0,0,0,0,0,0,0
4 wins & 6 nominations.,6,4,0,0,0,0,0,0,0,0
2 nominations.,2,0,0,0,0,0,0,0,0,0
Nominated for 1 Primetime Emmy. Another 2 wins & 4 nominations.,5,2,0,0,1,0,0,0,0,0
1 nomination.,1,0,0,0,0,0,0,0,0,0
7 nominations.,7,0,0,0,0,0,0,0,0,0
4 nominations.,4,0,0,0,0,0,0,0,0,0
1 win & 1 nomination.,1,1,0,0,0,0,0,0,0,0
1 win & 1 nomination.,1,1,0,0,0,0,0,0,0,0
2 wins & 2 nominations.,2,2,0,0,0,0,0,0,0,0
18 wins & 5 nominations.,5,18,0,0,0,0,0,0,0,0
1 win & 5 nominations.,5,1,0,0,0,0,0,0,0,0
1 nomination.,1,0,0,0,0,0,0,0,0,0
6 wins & 13 nominations.,13,6,0,0,0,0,0,0,0,0
1 win & 8 nominations.,8,1,0,0,0,0,0,0,0,0
4 wins.,0,4,0,0,0,0,0,0,0,0
1 win.,0,1,0,0,0,0,0,0,0,0
1 win.,0,1,0,0,0,0,0,0,0,0
1 nomination.,1,0,0,0,0,0,0,0,0,0
Nominated for 4 Primetime Emmys. Another 12 nominations.,16,0,0,0,4,0,0,0,0,0
2 wins & 1 nomination.,1,2,0,0,0,0,0,0,0,0
4 wins & 2 nominations.,2,4,0,0,0,0,0,0,0,0
Won 1 Primetime Emmy. Another 1 win & 4 nominations.,4,2,0,0,0,1,0,0,0,0
1 nomination.,1,0,0,0,0,0,0,0,0,0
20 wins & 32 nominations.,32,20,0,0,0,0,0,0,0,0
1 win & 3 nominations.,3,1,0,0,0,0,0,0,0,0
1 win & 2 nominations.,2,1,0,0,0,0,0,0,0,0
9 nominations.,9,0,0,0,0,0,0,0,0,0
Nominated for 1 Oscar. Another 38 wins & 74 nominations.,75,38,1,0,0,0,0,0,0,0
3 wins & 3 nominations.,3,3,0,0,0,0,0,0,0,0
1 win & 11 nominations.,11,1,0,0,0,0,0,0,0,0
1 nomination.,1,0,0,0,0,0,0,0,0,0
1 win & 1 nomination.,1,1,0,0,0,0,0,0,0,0
1 win.,0,1,0,0,0,0,0,0,0,0
1 nomination.,1,0,0,0,0,0,0,0,0,0
1 nomination.,1,0,0,0,0,0,0,0,0,0
2 nominations.,2,0,0,0,0,0,0,0,0,0
2 nominations.,2,0,0,0,0,0,0,0,0,0
19 wins & 10 nominations.,10,19,0,0,0,0,0,0,0,0
15 wins & 27 nominations.,27,15,0,0,0,0,0,0,0,0
1 win.,0,1,0,0,0,0,0,0,0,0
2 nominations.,2,0,0,0,0,0,0,0,0,0
3 nominations.,3,0,0,0,0,0,0,0,0,0
6 nominations.,6,0,0,0,0,0,0,0,0,0
1 win & 1 nomination.,1,1,0,0,0,0,0,0,0,0
1 win & 2 nominations.,2,1,0,0,0,0,0,0,0,0
1 nomination.,1,0,0,0,0,0,0,0,0,0
1 win & 3 nominations.,3,1,0,0,0,0,0,0,0,0
1 nomination.,1,0,0,0,0,0,0,0,0,0
1 nomination.,1,0,0,0,0,0,0,0,0,0
6 wins & 15 nominations.,15,6,0,0,0,0,0,0,0,0
3 wins & 5 nominations.,5,3,0,0,0,0,0,0,0,0
1 nomination.,1,0,0,0,0,0,0,0,0,0
1 nomination.,1,0,0,0,0,0,0,0,0,0
6 wins & 19 nominations.,19,6,0,0,0,0,0,0,0,0
1 win & 4 nominations.,4,1,0,0,0,0,0,0,0,0
1 nomination.,1,0,0,0,0,0,0,0,0,0
1 nomination.,1,0,0,0,0,0,0,0,0,0
5 wins & 4 nominations.,4,5,0,0,0,0,0,0,0,0
5 wins & 6 nominations.,6,5,0,0,0,0,0,0,0,0
1 win.,0,1,0,0,0,0,0,0,0,0
1 win & 4 nominations.,4,1,0,0,0,0,0,0,0,0
1 nomination.,1,0,0,0,0,0,0,0,0,0
1 win.,0,1,0,0,0,0,0,0,0,0
4 wins & 6 nominations.,6,4,0,0,0,0,0,0,0,0
Won 5 Primetime Emmys. Another 7 wins & 23 nominations.,23,12,0,0,0,5,0,0,0,0
1 nomination.,1,0,0,0,0,0,0,0,0,0
1 nomination.,1,0,0,0,0,0,0,0,0,0
2 wins & 6 nominations.,6,2,0,0,0,0,0,0,0,0
6 wins & 12 nominations.,12,6,0,0,0,0,0,0,0,0
3 wins & 2 nominations.,2,3,0,0,0,0,0,0,0,0
1 win & 3 nominations.,3,1,0,0,0,0,0,0,0,0
1 nomination.,1,0,0,0,0,0,0,0,0,0
1 win.,0,1,0,0,0,0,0,0,0,0
2 wins & 1 nomination.,1,2,0,0,0,0,0,0,0,0
12 wins & 10 nominations.,10,12,0,0,0,0,0,0,0,0
2 wins & 2 nominations.,2,2,0,0,0,0,0,0,0,0
1 win.,0,1,0,0,0,0,0,0,0,0
1 win & 2 nominations.,2,1,0,0,0,0,0,0,0,0
1 win & 1 nomination.,1,1,0,0,0,0,0,0,0,0
1 nomination.,1,0,0,0,0,0,0,0,0,0
5 wins & 15 nominations.,15,5,0,0,0,0,0,0,0,0
2 nominations.,2,0,0,0,0,0,0,0,0,0
2 nominations.,2,0,0,0,0,0,0,0,0,0
1 win & 1 nomination.,1,1,0,0,0,0,0,0,0,0
4 wins & 7 nominations.,7,4,0,0,0,0,0,0,0,0
1 win.,0,1,0,0,0,0,0,0,0,0
2 nominations.,2,0,0,0,0,0,0,0,0,0
Won 1 Oscar. Another 2 wins & 1 nomination.,1,3,0,1,0,0,0,0,0,0
1 nomination.,1,0,0,0,0,0,0,0,0,0
4 wins & 14 nominations.,14,4,0,0,0,0,0,0,0,0
1 nomination.,1,0,0,0,0,0,0,0,0,0
20 wins & 19 nominations.,19,20,0,0,0,0,0,0,0,0
1 nomination.,1,0,0,0,0,0,0,0,0,0
6 wins & 2 nominations.,2,6,0,0,0,0,0,0,0,0
1 win.,0,1,0,0,0,0,0,0,0,0
1 nomination.,1,0,0,0,0,0,0,0,0,0
1 win.,0,1,0,0,0,0,0,0,0,0
1 nomination.,1,0,0,0,0,0,0,0,0,0
1 win & 1 nomination.,1,1,0,0,0,0,0,0,0,0
2 wins.,0,2,0,0,0,0,0,0,0,0
1 win & 4 nominations.,4,1,0,0,0,0,0,0,0,0
2 wins & 3 nominations.,3,2,0,0,0,0,0,0,0,0
2 wins.,0,2,0,0,0,0,0,0,0,0
3 wins & 12 nominations.,12,3,0,0,0,0,0,0,0,0
8 nominations.,8,0,0,0,0,0,0,0,0,0
5 nominations.,5,0,0,0,0,0,0,0,0,0
1 nomination.,1,0,0,0,0,0,0,0,0,0
5 nominations.,5,0,0,0,0,0,0,0,0,0
1 win & 1 nomination.,1,1,0,0,0,0,0,0,0,0
1 nomination.,1,0,0,0,0,0,0,0,0,0
1 win & 5 nominations.,5,1,0,0,0,0,0,0,0,0
1 win.,0,1,0,0,0,0,0,0,0,0
1 nomination.,1,0,0,0,0,0,0,0,0,0
1 win & 1 nomination.,1,1,0,0,0,0,0,0,0,0
1 win & 1 nomination.,1,1,0,0,0,0,0,0,0,0
1 win & 4 nominations.,4,1,0,0,0,0,0,0,0,0
2 nominations.,2,0,0,0,0,0,0,0,0,0
6 nominations.,6,0,0,0,0,0,0,0,0,0
2 wins & 1 nomination.,1,2,0,0,0,0,0,0,0,0
1 nomination.,1,0,0,0,0,0,0,0,0,0
2 wins & 2 nominations.,2,2,0,0,0,0,0,0,0,0
2 wins & 5 nominations.,5,2,0,0,0,0,0,0,0,0
2 wins & 5 nominations.,5,2,0,0,0,0,0,0,0,0
2 wins & 3 nominations.,3,2,0,0,0,0,0,0,0,0
1 win & 12 nominations.,12,1,0,0,0,0,0,0,0,0
1 win & 5 nominations.,5,1,0,0,0,0,0,0,0,0
1 nomination.,1,0,0,0,0,0,0,0,0,0
3 wins & 17 nominations.,17,3,0,0,0,0,0,0,0,0
1 nomination.,1,0,0,0,0,0,0,0,0,0
1 win & 2 nominations.,2,1,0,0,0,0,0,0,0,0
1 nomination.,1,0,0,0,0,0,0,0,0,0
1 nomination.,1,0,0,0,0,0,0,0,0,0
5 nominations.,5,0,0,0,0,0,0,0,0,0
1 nomination.,1,0,0,0,0,0,0,0,0,0
Won 2 Primetime Emmys. Another 3 wins & 5 nominations.,5,5,0,0,0,2,0,0,0,0
1 win & 1 nomination.,1,1,0,0,0,0,0,0,0,0
2 nominations.,2,0,0,0,0,0,0,0,0,0
Won 1 Primetime Emmy. Another 1 nomination.,1,1,0,0,0,1,0,0,0,0
1 win & 3 nominations.,3,1,0,0,0,0,0,0,0,0
6 wins & 4 nominations.,4,6,0,0,0,0,0,0,0,0
2 wins.,0,2,0,0,0,0,0,0,0,0
2 wins & 2 nominations.,2,2,0,0,0,0,0,0,0,0
1 win.,0,1,0,0,0,0,0,0,0,0
8 wins & 2 nominations.,2,8,0,0,0,0,0,0,0,0
1 nomination.,1,0,0,0,0,0,0,0,0,0
1 nomination.,1,0,0,0,0,0,0,0,0,0
1 nomination.,1,0,0,0,0,0,0,0,0,0
1 win.,0,1,0,0,0,0,0,0,0,0
1 nomination.,1,0,0,0,0,0,0,0,0,0
3 wins & 8 nominations.,8,3,0,0,0,0,0,0,0,0
1 win.,0,1,0,0,0,0,0,0,0,0
4 wins & 11 nominations.,11,4,0,0,0,0,0,0,0,0
5 wins & 6 nominations.,6,5,0,0,0,0,0,0,0,0
1 win & 1 nomination.,1,1,0,0,0,0,0,0,0,0
2 nominations.,2,0,0,0,0,0,0,0,0,0
1 nomination.,1,0,0,0,0,0,0,0,0,0
2 nominations.,2,0,0,0,0,0,0,0,0,0
1 win.,0,1,0,0,0,0,0,0,0,0
1 nomination.,1,0,0,0,0,0,0,0,0,0
1 nomination.,1,0,0,0,0,0,0,0,0,0
1 win.,0,1,0,0,0,0,0,0,0,0
2 nominations.,2,0,0,0,0,0,0,0,0,0
1 nomination.,1,0,0,0,0,0,0,0,0,0
6 nominations.,6,0,0,0,0,0,0,0,0,0
8 wins.,0,8,0,0,0,0,0,0,0,0
15 wins & 30 nominations.,30,15,0,0,0,0,0,0,0,0
1 nomination.,1,0,0,0,0,0,0,0,0,0
2 wins.,0,2,0,0,0,0,0,0,0,0
Won 1 Primetime Emmy. Another 1 win & 21 nominations.,21,2,0,0,0,1,0,0,0,0
1 nomination.,1,0,0,0,0,0,0,0,0,0
2 nominations.,2,0,0,0,0,0,0,0,0,0
1 win & 1 nomination.,1,1,0,0,0,0,0,0,0,0
2 wins & 2 nominations.,2,2,0,0,0,0,0,0,0,0
1 win.,0,1,0,0,0,0,0,0,0,0
2 nominations.,2,0,0,0,0,0,0,0,0,0
1 win.,0,1,0,0,0,0,0,0,0,0
Nominated for 1 Golden Globe. Another 8 wins & 16 nominations.,17,8,0,0,0,0,1,0,0,0
Won 1 Primetime Emmy. Another 2 wins.,0,3,0,0,0,1,0,0,0,0
7 wins & 8 nominations.,8,7,0,0,0,0,0,0,0,0
1 win.,0,1,0,0,0,0,0,0,0,0
2 wins & 1 nomination.,1,2,0,0,0,0,0,0,0,0
1 win.,0,1,0,0,0,0,0,0,0,0
1 win & 1 nomination.,1,1,0,0,0,0,0,0,0,0
1 nomination.,1,0,0,0,0,0,0,0,0,0
2 wins & 2 nominations.,2,2,0,0,0,0,0,0,0,0
1 nomination.,1,0,0,0,0,0,0,0,0,0
1 nomination.,1,0,0,0,0,0,0,0,0,0
1 win & 1 nomination.,1,1,0,0,0,0,0,0,0,0
5 wins.,0,5,0,0,0,0,0,0,0,0
3 nominations.,3,0,0,0,0,0,0,0,0,0
4 nominations.,4,0,0,0,0,0,0,0,0,0
3 wins & 4 nominations.,4,3,0,0,0,0,0,0,0,0
1 nomination.,1,0,0,0,0,0,0,0,0,0
1 win.,0,1,0,0,0,0,0,0,0,0
1 nomination.,1,0,0,0,0,0,0,0,0,0
1 nomination.,1,0,0,0,0,0,0,0,0,0
1 win & 2 nominations.,2,1,0,0,0,0,0,0,0,0
3 nominations.,3,0,0,0,0,0,0,0,0,0
1 nomination.,1,0,0,0,0,0,0,0,0,0
4 wins.,0,4,0,0,0,0,0,0,0,0
1 win & 2 nominations.,2,1,0,0,0,0,0,0,0,0
1 win & 2 nominations.,2,1,0,0,0,0,0,0,0,0
1 nomination.,1,0,0,0,0,0,0,0,0,0
2 nominations.,2,0,0,0,0,0,0,0,0,0
1 win.,0,1,0,0,0,0,0,0,0,0
Nominated for 1 Primetime Emmy. Another 1 nomination.,2,0,0,0,1,0,0,0,0,0
3 wins & 4 nominations.,4,3,0,0,0,0,0,0,0,0
1 win & 1 nomination.,1,1,0,0,0,0,0,0,0,0
6 wins & 3 nominations.,3,6,0,0,0,0,0,0,0,0
4 wins & 2 nominations.,2,4,0,0,0,0,0,0,0,0
1 win & 2 nominations.,2,1,0,0,0,0,0,0,0,0
1 win & 6 nominations.,6,1,0,0,0,0,0,0,0,0
5 wins & 3 nominations.,3,5,0,0,0,0,0,0,0,0
Nominated for 1 Oscar. Another 4 wins & 9 nominations.,10,4,1,0,0,0,0,0,0,0
2 wins.,0,2,0,0,0,0,0,0,0,0
Won 2 Primetime Emmys. Another 3 nominations.,3,2,0,0,0,2,0,0,0,0
2 wins & 1 nomination.,1,2,0,0,0,0,0,0,0,0
4 wins.,0,4,0,0,0,0,0,0,0,0
1 win & 2 nominations.,2,1,0,0,0,0,0,0,0,0
9 wins & 1 nomination.,1,9,0,0,0,0,0,0,0,0
1 win.,0,1,0,0,0,0,0,0,0,0
5 nominations.,5,0,0,0,0,0,0,0,0,0
1 win & 1 nomination.,1,1,0,0,0,0,0,0,0,0
3 wins & 1 nomination.,1,3,0,0,0,0,0,0,0,0
1 win & 1 nomination.,1,1,0,0,0,0,0,0,0,0
1 win.,0,1,0,0,0,0,0,0,0,0
4 wins & 3 nominations.,3,4,0,0,0,0,0,0,0,0
2 wins & 4 nominations.,4,2,0,0,0,0,0,0,0,0
9 wins & 7 nominations.,7,9,0,0,0,0,0,0,0,0
2 wins.,0,2,0,0,0,0,0,0,0,0
3 wins & 3 nominations.,3,3,0,0,0,0,0,0,0,0
2 nominations.,2,0,0,0,0,0,0,0,0,0
8 wins & 3 nominations.,3,8,0,0,0,0,0,0,0,0
1 nomination.,1,0,0,0,0,0,0,0,0,0
6 wins & 25 nominations.,25,6,0,0,0,0,0,0,0,0
1 win.,0,1,0,0,0,0,0,0,0,0
1 nomination.,1,0,0,0,0,0,0,0,0,0
1 nomination.,1,0,0,0,0,0,0,0,0,0
2 wins.,0,2,0,0,0,0,0,0,0,0
2 wins & 16 nominations.,16,2,0,0,0,0,0,0,0,0
1 nomination.,1,0,0,0,0,0,0,0,0,0
2 nominations.,2,0,0,0,0,0,0,0,0,0
1 win & 1 nomination.,1,1,0,0,0,0,0,0,0,0
1 win & 5 nominations.,5,1,0,0,0,0,0,0,0,0
1 nomination.,1,0,0,0,0,0,0,0,0,0
15 wins & 20 nominations.,20,15,0,0,0,0,0,0,0,0
1 nomination.,1,0,0,0,0,0,0,0,0,0
1 win.,0,1,0,0,0,0,0,0,0,0
1 win & 3 nominations.,3,1,0,0,0,0,0,0,0,0
2 wins & 5 nominations.,5,2,0,0,0,0,0,0,0,0
1 win.,0,1,0,0,0,0,0,0,0,0
4 wins & 10 nominations.,10,4,0,0,0,0,0,0,0,0
2 wins & 6 nominations.,6,2,0,0,0,0,0,0,0,0
1 nomination.,1,0,0,0,0,0,0,0,0,0
4 wins & 4 nominations.,4,4,0,0,0,0,0,0,0,0
1 win & 3 nominations.,3,1,0,0,0,0,0,0,0,0
1 win & 1 nomination.,1,1,0,0,0,0,0,0,0,0
1 win & 1 nomination.,1,1,0,0,0,0,0,0,0,0
1 win & 6 nominations.,6,1,0,0,0,0,0,0,0,0
1 win & 2 nominations.,2,1,0,0,0,0,0,0,0,0
2 nominations.,2,0,0,0,0,0,0,0,0,0
Won 2 Primetime Emmys. Another 7 wins & 23 nominations.,23,9,0,0,0,2,0,0,0,0
3 wins.,0,3,0,0,0,0,0,0,0,0
2 wins.,0,2,0,0,0,0,0,0,0,0
7 wins & 9 nominations.,9,7,0,0,0,0,0,0,0,0
1 nomination.,1,0,0,0,0,0,0,0,0,0
2 wins.,0,2,0,0,0,0,0,0,0,0
2 nominations.,2,0,0,0,0,0,0,0,0,0
2 wins & 3 nominations.,3,2,0,0,0,0,0,0,0,0
6 wins.,0,6,0,0,0,0,0,0,0,0
3 nominations.,3,0,0,0,0,0,0,0,0,0
9 wins & 5 nominations.,5,9,0,0,0,0,0,0,0,0
1 nomination.,1,0,0,0,0,0,0,0,0,0
6 wins & 7 nominations.,7,6,0,0,0,0,0,0,0,0
1 nomination.,1,0,0,0,0,0,0,0,0,0
2 nominations.,2,0,0,0,0,0,0,0,0,0
2 wins & 1 nomination.,1,2,0,0,0,0,0,0,0,0
1 nomination.,1,0,0,0,0,0,0,0,0,0
1 nomination.,1,0,0,0,0,0,0,0,0,0
1 nomination.,1,0,0,0,0,0,0,0,0,0
5 nominations.,5,0,0,0,0,0,0,0,0,0
Nominated for 4 Primetime Emmys. Another 18 wins & 40 nominations.,44,18,0,0,4,0,0,0,0,0
2 wins & 2 nominations.,2,2,0,0,0,0,0,0,0,0
1 win.,0,1,0,0,0,0,0,0,0,0
1 win.,0,1,0,0,0,0,0,0,0,0
1 nomination.,1,0,0,0,0,0,0,0,0,0
Won 2 Golden Globes. Another 3 wins & 3 nominations.,3,5,0,0,0,0,0,2,0,0
Nominated for 1 Primetime Emmy. Another 4 nominations.,5,0,0,0,1,0,0,0,0,0
5 wins.,0,5,0,0,0,0,0,0,0,0
1 win & 3 nominations.,3,1,0,0,0,0,0,0,0,0
1 win.,0,1,0,0,0,0,0,0,0,0
1 nomination.,1,0,0,0,0,0,0,0,0,0
1 nomination.,1,0,0,0,0,0,0,0,0,0
2 nominations.,2,0,0,0,0,0,0,0,0,0
1 nomination.,1,0,0,0,0,0,0,0,0,0
1 win.,0,1,0,0,0,0,0,0,0,0
8 wins.,0,8,0,0,0,0,0,0,0,0
1 nomination.,1,0,0,0,0,0,0,0,0,0
1 nomination.,1,0,0,0,0,0,0,0,0,0
1 nomination.,1,0,0,0,0,0,0,0,0,0
1 nomination.,1,0,0,0,0,0,0,0,0,0
3 wins & 2 nominations.,2,3,0,0,0,0,0,0,0,0
1 win.,0,1,0,0,0,0,0,0,0,0
1 nomination.,1,0,0,0,0,0,0,0,0,0
2 nominations.,2,0,0,0,0,0,0,0,0,0
1 win & 2 nominations.,2,1,0,0,0,0,0,0,0,0
1 win.,0,1,0,0,0,0,0,0,0,0
1 win.,0,1,0,0,0,0,0,0,0,0
1 nomination.,1,0,0,0,0,0,0,0,0,0
Won 1 Golden Globe. Another 12 wins & 39 nominations.,39,13,0,0,0,0,0,1,0,0
1 win.,0,1,0,0,0,0,0,0,0,0
1 win & 1 nomination.,1,1,0,0,0,0,0,0,0,0
3 wins & 5 nominations.,5,3,0,0,0,0,0,0,0,0
1 win.,0,1,0,0,0,0,0,0,0,0
6 nominations.,6,0,0,0,0,0,0,0,0,0
1 win.,0,1,0,0,0,0,0,0,0,0
1 nomination.,1,0,0,0,0,0,0,0,0,0
1 win & 2 nominations.,2,1,0,0,0,0,0,0,0,0
2 nominations.,2,0,0,0,0,0,0,0,0,0
1 nomination.,1,0,0,0,0,0,0,0,0,0
6 wins & 2 nominations.,2,6,0,0,0,0,0,0,0,0
1 win.,0,1,0,0,0,0,0,0,0,0
2 nominations.,2,0,0,0,0,0,0,0,0,0
1 nomination.,1,0,0,0,0,0,0,0,0,0
1 nomination.,1,0,0,0,0,0,0,0,0,0
1 win & 2 nominations.,2,1,0,0,0,0,0,0,0,0
1 win.,0,1,0,0,0,0,0,0,0,0
2 nominations.,2,0,0,0,0,0,0,0,0,0
1 win.,0,1,0,0,0,0,0,0,0,0
2 nominations.,2,0,0,0,0,0,0,0,0,0
2 nominations.,2,0,0,0,0,0,0,0,0,0
1 nomination.,1,0,0,0,0,0,0,0,0,0
1 nomination.,1,0,0,0,0,0,0,0,0,0
1 win & 1 nomination.,1,1,0,0,0,0,0,0,0,0
1 win.,0,1,0,0,0,0,0,0,0,0
3 nominations.,3,0,0,0,0,0,0,0,0,0
1 nomination.,1,0,0,0,0,0,0,0,0,0
1 win & 1 nomination.,1,1,0,0,0,0,0,0,0,0
1 win.,0,1,0,0,0,0,0,0,0,0
1 win & 2 nominations.,2,1,0,0,0,0,0,0,0,0
2 wins & 1 nomination.,1,2,0,0,0,0,0,0,0,0
1 nomination.,1,0,0,0,0,0,0,0,0,0
1 nomination.,1,0,0,0,0,0,0,0,0,0
2 wins.,0,2,0,0,0,0,0,0,0,0
1 nomination.,1,0,0,0,0,0,0,0,0,0
1 win & 1 nomination.,1,1,0,0,0,0,0,0,0,0
8 nominations.,8,0,0,0,0,0,0,0,0,0
3 wins & 2 nominations.,2,3,0,0,0,0,0,0,0,0
15 wins & 6 nominations.,6,15,0,0,0,0,0,0,0,0
1 nomination.,1,0,0,0,0,0,0,0,0,0
1 nomination.,1,0,0,0,0,0,0,0,0,0
1 win.,0,1,0,0,0,0,0,0,0,0
1 win.,0,1,0,0,0,0,0,0,0,0
1 win & 1 nomination.,1,1,0,0,0,0,0,0,0,0
1 nomination.,1,0,0,0,0,0,0,0,0,0
1 win & 2 nominations.,2,1,0,0,0,0,0,0,0,0
2 nominations.,2,0,0,0,0,0,0,0,0,0
1 nomination.,1,0,0,0,0,0,0,0,0,0
1 win.,0,1,0,0,0,0,0,0,0,0
2 wins.,0,2,0,0,0,0,0,0,0,0
1 win & 1 nomination.,1,1,0,0,0,0,0,0,0,0
4 wins & 7 nominations.,7,4,0,0,0,0,0,0,0,0
4 nominations.,4,0,0,0,0,0,0,0,0,0
1 nomination.,1,0,0,0,0,0,0,0,0,0
5 wins & 11 nominations.,11,5,0,0,0,0,0,0,0,0
1 nomination.,1,0,0,0,0,0,0,0,0,0
1 nomination.,1,0,0,0,0,0,0,0,0,0
1 nomination.,1,0,0,0,0,0,0,0,0,0
1 win & 1 nomination.,1,1,0,0,0,0,0,0,0,0
1 nomination.,1,0,0,0,0,0,0,0,0,0
1 nomination.,1,0,0,0,0,0,0,0,0,0
1 nomination.,1,0,0,0,0,0,0,0,0,0
1 nomination.,1,0,0,0,0,0,0,0,0,0
1 win & 2 nominations.,2,1,0,0,0,0,0,0,0,0
1 win & 14 nominations.,14,1,0,0,0,0,0,0,0,0
4 wins & 1 nomination.,1,4,0,0,0,0,0,0,0,0
5 nominations.,5,0,0,0,0,0,0,0,0,0
1 nomination.,1,0,0,0,0,0,0,0,0,0
3 wins & 1 nomination.,1,3,0,0,0,0,0,0,0,0
8 wins & 15 nominations.,15,8,0,0,0,0,0,0,0,0
4 wins & 1 nomination.,1,4,0,0,0,0,0,0,0,0
4 nominations.,4,0,0,0,0,0,0,0,0,0
1 nomination.,1,0,0,0,0,0,0,0,0,0
Nominated for 1 Primetime Emmy. Another 1 nomination.,2,0,0,0,1,0,0,0,0,0
1 win & 3 nominations.,3,1,0,0,0,0,0,0,0,0
1 win.,0,1,0,0,0,0,0,0,0,0
1 win & 1 nomination.,1,1,0,0,0,0,0,0,0,0
1 nomination.,1,0,0,0,0,0,0,0,0,0
2 nominations.,2,0,0,0,0,0,0,0,0,0
1 win.,0,1,0,0,0,0,0,0,0,0
3 nominations.,3,0,0,0,0,0,0,0,0,0
1 win & 2 nominations.,2,1,0,0,0,0,0,0,0,0
3 nominations.,3,0,0,0,0,0,0,0,0,0
1 win & 3 nominations.,3,1,0,0,0,0,0,0,0,0
1 nomination.,1,0,0,0,0,0,0,0,0,0
1 nomination.,1,0,0,0,0,0,0,0,0,0
1 win & 1 nomination.,1,1,0,0,0,0,0,0,0,0
1 win & 2 nominations.,2,1,0,0,0,0,0,0,0,0
1 win & 3 nominations.,3,1,0,0,0,0,0,0,0,0
2 wins & 5 nominations.,5,2,0,0,0,0,0,0,0,0
1 win.,0,1,0,0,0,0,0,0,0,0
2 nominations.,2,0,0,0,0,0,0,0,0,0
4 wins & 5 nominations.,5,4,0,0,0,0,0,0,0,0
1 win.,0,1,0,0,0,0,0,0,0,0
1 nomination.,1,0,0,0,0,0,0,0,0,0
3 wins & 7 nominations.,7,3,0,0,0,0,0,0,0,0
2 wins & 3 nominations.,3,2,0,0,0,0,0,0,0,0
1 nomination.,1,0,0,0,0,0,0,0,0,0
2 nominations.,2,0,0,0,0,0,0,0,0,0
1 nomination.,1,0,0,0,0,0,0,0,0,0
4 wins & 2 nominations.,2,4,0,0,0,0,0,0,0,0
2 wins & 3 nominations.,3,2,0,0,0,0,0,0,0,0
1 nomination.,1,0,0,0,0,0,0,0,0,0
2 wins.,0,2,0,0,0,0,0,0,0,0
1 win.,0,1,0,0,0,0,0,0,0,0
1 win & 1 nomination.,1,1,0,0,0,0,0,0,0,0
3 nominations.,3,0,0,0,0,0,0,0,0,0
2 wins & 1 nomination.,1,2,0,0,0,0,0,0,0,0
6 wins & 5 nominations.,5,6,0,0,0,0,0,0,0,0
1 nomination.,1,0,0,0,0,0,0,0,0,0
2 wins & 1 nomination.,1,2,0,0,0,0,0,0,0,0
Nominated for 1 Primetime Emmy. Another 1 win & 6 nominations.,7,1,0,0,1,0,0,0,0,0
1 nomination.,1,0,0,0,0,0,0,0,0,0
1 nomination.,1,0,0,0,0,0,0,0,0,0
2 wins.,0,2,0,0,0,0,0,0,0,0
1 nomination.,1,0,0,0,0,0,0,0,0,0
1 nomination.,1,0,0,0,0,0,0,0,0,0
2 wins & 4 nominations.,4,2,0,0,0,0,0,0,0,0
1 win & 1 nomination.,1,1,0,0,0,0,0,0,0,0
1 nomination.,1,0,0,0,0,0,0,0,0,0
1 win & 1 nomination.,1,1,0,0,0,0,0,0,0,0
1 win.,0,1,0,0,0,0,0,0,0,0
2 nominations.,2,0,0,0,0,0,0,0,0,0
1 nomination.,1,0,0,0,0,0,0,0,0,0
1 nomination.,1,0,0,0,0,0,0,0,0,0
1 nomination.,1,0,0,0,0,0,0,0,0,0
2 wins & 2 nominations.,2,2,0,0,0,0,0,0,0,0
1 nomination.,1,0,0,0,0,0,0,0,0,0
1 win.,0,1,0,0,0,0,0,0,0,0
2 nominations.,2,0,0,0,0,0,0,0,0,0
2 nominations.,2,0,0,0,0,0,0,0,0,0
2 nominations.,2,0,0,0,0,0,0,0,0,0
2 nominations.,2,0,0,0,0,0,0,0,0,0
1 win & 11 nominations.,11,1,0,0,0,0,0,0,0,0
1 win.,0,1,0,0,0,0,0,0,0,0
1 nomination.,1,0,0,0,0,0,0,0,0,0
3 nominations.,3,0,0,0,0,0,0,0,0,0
1 win.,0,1,0,0,0,0,0,0,0,0
1 win.,0,1,0,0,0,0,0,0,0,0
1 nomination.,1,0,0,0,0,0,0,0,0,0
1 nomination.,1,0,0,0,0,0,0,0,0,0
1 nomination.,1,0,0,0,0,0,0,0,0,0
1 nomination.,1,0,0,0,0,0,0,0,0,0
1 win.,0,1,0,0,0,0,0,0,0,0
1 nomination.,1,0,0,0,0,0,0,0,0,0
2 wins.,0,2,0,0,0,0,0,0,0,0
1 nomination.,1,0,0,0,0,0,0,0,0,0
1 win.,0,1,0,0,0,0,0,0,0,0
1 nomination.,1,0,0,0,0,0,0,0,0,0
4 wins & 7 nominations.,7,4,0,0,0,0,0,0,0,0
1 nomination.,1,0,0,0,0,0,0,0,0,0
1 win & 1 nomination.,1,1,0,0,0,0,0,0,0,0
1 win.,0,1,0,0,0,0,0,0,0,0
1 nomination.,1,0,0,0,0,0,0,0,0,0
1 nomination.,1,0,0,0,0,0,0,0,0,0
2 nominations.,2,0,0,0,0,0,0,0,0,0
3 wins & 4 nominations.,4,3,0,0,0,0,0,0,0,0
1 win.,0,1,0,0,0,0,0,0,0,0
1 win.,0,1,0,0,0,0,0,0,0,0
1 nomination.,1,0,0,0,0,0,0,0,0,0
1 nomination.,1,0,0,0,0,0,0,0,0,0
Nominated for 5 Oscars. Another 6 wins & 1 nomination.,6,6,5,0,0,0,0,0,0,0
1 nomination.,1,0,0,0,0,0,0,0,0,0
1 win.,0,1,0,0,0,0,0,0,0,0
1 win.,0,1,0,0,0,0,0,0,0,0
Won 18 Primetime Emmys. Another 16 wins & 60 nominations.,60,34,0,0,0,18,0,0,0,0
Won 7 Primetime Emmys. Another 25 wins & 84 nominations.,84,32,0,0,0,7,0,0,0,0
2 nominations.,2,0,0,0,0,0,0,0,0,0
Nominated for 2 Oscars. Another 14 wins & 56 nominations.,58,14,2,0,0,0,0,0,0,0
4 wins & 2 nominations.,2,4,0,0,0,0,0,0,0,0
1 win & 5 nominations.,5,1,0,0,0,0,0,0,0,0
6 wins & 53 nominations.,53,6,0,0,0,0,0,0,0,0
Nominated for 1 BAFTA Film Award. Another 2 wins & 28 nominations.,29,2,0,0,0,0,0,0,1,0
3 wins.,0,3,0,0,0,0,0,0,0,0
2 wins & 4 nominations.,4,2,0,0,0,0,0,0,0,0
3 nominations.,3,0,0,0,0,0,0,0,0,0
2 wins & 5 nominations.,5,2,0,0,0,0,0,0,0,0
1 nomination.,1,0,0,0,0,0,0,0,0,0
1 win.,0,1,0,0,0,0,0,0,0,0
4 nominations.,4,0,0,0,0,0,0,0,0,0
7 nominations.,7,0,0,0,0,0,0,0,0,0
2 wins & 6 nominations.,6,2,0,0,0,0,0,0,0,0
4 wins & 11 nominations.,11,4,0,0,0,0,0,0,0,0
1 win & 2 nominations.,2,1,0,0,0,0,0,0,0,0
Nominated for 1 Oscar. Another 8 wins & 28 nominations.,29,8,1,0,0,0,0,0,0,0
2 nominations.,2,0,0,0,0,0,0,0,0,0
1 nomination.,1,0,0,0,0,0,0,0,0,0
1 nomination.,1,0,0,0,0,0,0,0,0,0
1 nomination.,1,0,0,0,0,0,0,0,0,0
1 win & 8 nominations.,8,1,0,0,0,0,0,0,0,0
17 wins & 32 nominations.,32,17,0,0,0,0,0,0,0,0
1 win & 3 nominations.,3,1,0,0,0,0,0,0,0,0
1 win & 3 nominations.,3,1,0,0,0,0,0,0,0,0
17 wins & 28 nominations.,28,17,0,0,0,0,0,0,0,0
2 wins & 16 nominations.,16,2,0,0,0,0,0,0,0,0
2 wins & 2 nominations.,2,2,0,0,0,0,0,0,0,0
Nominated for 1 Golden Globe. Another 5 wins & 39 nominations.,40,5,0,0,0,0,1,0,0,0
2 nominations.,2,0,0,0,0,0,0,0,0,0
3 nominations.,3,0,0,0,0,0,0,0,0,0
1 win & 1 nomination.,1,1,0,0,0,0,0,0,0,0
2 nominations.,2,0,0,0,0,0,0,0,0,0
Won 1 Oscar. Another 91 wins & 95 nominations.,95,92,0,1,0,0,0,0,0,0
3 wins & 3 nominations.,3,3,0,0,0,0,0,0,0,0
5 wins & 10 nominations.,10,5,0,0,0,0,0,0,0,0
1 win.,0,1,0,0,0,0,0,0,0,0
10 nominations.,10,0,0,0,0,0,0,0,0,0
1 nomination.,1,0,0,0,0,0,0,0,0,0
1 win.,0,1,0,0,0,0,0,0,0,0
2 wins & 8 nominations.,8,2,0,0,0,0,0,0,0,0
1 win & 2 nominations.,2,1,0,0,0,0,0,0,0,0
2 nominations.,2,0,0,0,0,0,0,0,0,0
2 wins & 1 nomination.,1,2,0,0,0,0,0,0,0,0
2 wins & 2 nominations.,2,2,0,0,0,0,0,0,0,0
1 win & 6 nominations.,6,1,0,0,0,0,0,0,0,0
Nominated for 1 BAFTA Film Award. Another 1 win & 18 nominations.,19,1,0,0,0,0,0,0,1,0
1 nomination.,1,0,0,0,0,0,0,0,0,0
1 nomination.,1,0,0,0,0,0,0,0,0,0
Nominated for 1 Oscar. Another 9 wins & 18 nominations.,19,9,1,0,0,0,0,0,0,0
1 win.,0,1,0,0,0,0,0,0,0,0
Won 1 Oscar. Another 7 wins & 29 nominations.,29,8,0,1,0,0,0,0,0,0
Nominated for 3 Oscars. Another 32 wins & 141 nominations.,144,32,3,0,0,0,0,0,0,0
2 wins & 18 nominations.,18,2,0,0,0,0,0,0,0,0
5 wins & 41 nominations.,41,5,0,0,0,0,0,0,0,0
7 wins & 14 nominations.,14,7,0,0,0,0,0,0,0,0
1 win & 6 nominations.,6,1,0,0,0,0,0,0,0,0
2 wins & 10 nominations.,10,2,0,0,0,0,0,0,0,0
Nominated for 1 Golden Globe. Another 1 win & 44 nominations.,45,1,0,0,0,0,1,0,0,0
2 nominations.,2,0,0,0,0,0,0,0,0,0
Nominated for 5 Oscars. Another 47 wins & 106 nominations.,111,47,5,0,0,0,0,0,0,0
Won 1 Golden Globe. Another 2 wins & 17 nominations.,17,3,0,0,0,0,0,1,0,0
1 win & 10 nominations.,10,1,0,0,0,0,0,0,0,0
1 nomination.,1,0,0,0,0,0,0,0,0,0
2 wins.,0,2,0,0,0,0,0,0,0,0
6 wins & 33 nominations.,33,6,0,0,0,0,0,0,0,0
1 nomination.,1,0,0,0,0,0,0,0,0,0
2 nominations.,2,0,0,0,0,0,0,0,0,0
3 nominations.,3,0,0,0,0,0,0,0,0,0
1 win & 1 nomination.,1,1,0,0,0,0,0,0,0,0
1 win & 1 nomination.,1,1,0,0,0,0,0,0,0,0
1 nomination.,1,0,0,0,0,0,0,0,0,0
6 wins.,0,6,0,0,0,0,0,0,0,0
1 nomination.,1,0,0,0,0,0,0,0,0,0
1 win & 1 nomination.,1,1,0,0,0,0,0,0,0,0
7 nominations.,7,0,0,0,0,0,0,0,0,0
2 wins.,0,2,0,0,0,0,0,0,0,0
Won 9 Primetime Emmys. Another 17 wins & 17 nominations.,17,26,0,0,0,9,0,0,0,0
1 win.,0,1,0,0,0,0,0,0,0,0
1 nomination.,1,0,0,0,0,0,0,0,0,0
1 win.,0,1,0,0,0,0,0,0,0,0
Nominated for 1 Oscar. Another 2 wins & 49 nominations.,50,2,1,0,0,0,0,0,0,0
5 nominations.,5,0,0,0,0,0,0,0,0,0
1 nomination.,1,0,0,0,0,0,0,0,0,0
1 nomination.,1,0,0,0,0,0,0,0,0,0
2 wins & 4 nominations.,4,2,0,0,0,0,0,0,0,0
1 win & 7 nominations.,7,1,0,0,0,0,0,0,0,0
1 win & 2 nominations.,2,1,0,0,0,0,0,0,0,0
Nominated for 1 Golden Globe. Another 10 wins & 53 nominations.,54,10,0,0,0,0,1,0,0,0
2 nominations.,2,0,0,0,0,0,0,0,0,0
5 nominations.,5,0,0,0,0,0,0,0,0,0
2 wins & 4 nominations.,4,2,0,0,0,0,0,0,0,0
1 win.,0,1,0,0,0,0,0,0,0,0
1 win.,0,1,0,0,0,0,0,0,0,0
1 nomination.,1,0,0,0,0,0,0,0,0,0
3 wins & 4 nominations.,4,3,0,0,0,0,0,0,0,0
2 wins & 2 nominations.,2,2,0,0,0,0,0,0,0,0
4 wins.,0,4,0,0,0,0,0,0,0,0
8 wins & 22 nominations.,22,8,0,0,0,0,0,0,0,0
1 nomination.,1,0,0,0,0,0,0,0,0,0
1 win & 1 nomination.,1,1,0,0,0,0,0,0,0,0
1 nomination.,1,0,0,0,0,0,0,0,0,0
1 win.,0,1,0,0,0,0,0,0,0,0
Nominated for 5 Primetime Emmys. Another 12 nominations.,17,0,0,0,5,0,0,0,0,0
1 win & 4 nominations.,4,1,0,0,0,0,0,0,0,0
2 nominations.,2,0,0,0,0,0,0,0,0,0
Nominated for 7 Primetime Emmys. Another 1 win & 26 nominations.,33,1,0,0,7,0,0,0,0,0
Nominated for 5 Primetime Emmys. Another 2 wins & 11 nominations.,16,2,0,0,5,0,0,0,0,0
Nominated for 11 Primetime Emmys. Another 7 wins & 26 nominations.,37,7,0,0,11,0,0,0,0,0
2 wins.,0,2,0,0,0,0,0,0,0,0
3 wins & 1 nomination.,1,3,0,0,0,0,0,0,0,0
1 nomination.,1,0,0,0,0,0,0,0,0,0
2 nominations.,2,0,0,0,0,0,0,0,0,0
1 nomination.,1,0,0,0,0,0,0,0,0,0
1 win.,0,1,0,0,0,0,0,0,0,0
1 win.,0,1,0,0,0,0,0,0,0,0
1 win & 1 nomination.,1,1,0,0,0,0,0,0,0,0
1 win.,0,1,0,0,0,0,0,0,0,0
Won 1 Primetime Emmy. Another 1 nomination.,1,1,0,0,0,1,0,0,0,0
11 nominations.,11,0,0,0,0,0,0,0,0,0
Nominated for 3 Golden Globes. Another 9 wins & 50 nominations.,53,9,0,0,0,0,3,0,0,0
2 wins & 7 nominations.,7,2,0,0,0,0,0,0,0,0
1 nomination.,1,0,0,0,0,0,0,0,0,0
6 nominations.,6,0,0,0,0,0,0,0,0,0
5 wins & 26 nominations.,26,5,0,0,0,0,0,0,0,0
11 wins.,0,11,0,0,0,0,0,0,0,0
Nominated for 1 Golden Globe. Another 1 win & 10 nominations.,11,1,0,0,0,0,1,0,0,0
2 wins & 5 nominations.,5,2,0,0,0,0,0,0,0,0
1 win & 10 nominations.,10,1,0,0,0,0,0,0,0,0
1 nomination.,1,0,0,0,0,0,0,0,0,0
1 win & 1 nomination.,1,1,0,0,0,0,0,0,0,0
4 wins & 1 nomination.,1,4,0,0,0,0,0,0,0,0
3 wins.,0,3,0,0,0,0,0,0,0,0
Nominated for 3 Primetime Emmys. Another 2 wins & 7 nominations.,10,2,0,0,3,0,0,0,0,0
1 nomination.,1,0,0,0,0,0,0,0,0,0
1 win.,0,1,0,0,0,0,0,0,0,0
1 win.,0,1,0,0,0,0,0,0,0,0
1 win.,0,1,0,0,0,0,0,0,0,0
Won 1 Primetime Emmy. Another 1 win & 13 nominations.,13,2,0,0,0,1,0,0,0,0
Won 4 Primetime Emmys. Another 1 win & 6 nominations.,6,5,0,0,0,4,0,0,0,0
5 wins & 1 nomination.,1,5,0,0,0,0,0,0,0,0
2 nominations.,2,0,0,0,0,0,0,0,0,0
1 win & 1 nomination.,1,1,0,0,0,0,0,0,0,0
3 wins & 19 nominations.,19,3,0,0,0,0,0,0,0,0
8 wins & 6 nominations.,6,8,0,0,0,0,0,0,0,0
5 wins & 8 nominations.,8,5,0,0,0,0,0,0,0,0
1 win & 7 nominations.,7,1,0,0,0,0,0,0,0,0
1 win.,0,1,0,0,0,0,0,0,0,0
1 win & 1 nomination.,1,1,0,0,0,0,0,0,0,0
1 win & 1 nomination.,1,1,0,0,0,0,0,0,0,0
1 win & 3 nominations.,3,1,0,0,0,0,0,0,0,0
6 nominations.,6,0,0,0,0,0,0,0,0,0
1 nomination.,1,0,0,0,0,0,0,0,0,0
4 nominations.,4,0,0,0,0,0,0,0,0,0
1 nomination.,1,0,0,0,0,0,0,0,0,0
2 wins & 8 nominations.,8,2,0,0,0,0,0,0,0,0
1 win & 6 nominations.,6,1,0,0,0,0,0,0,0,0
1 nomination.,1,0,0,0,0,0,0,0,0,0
1 nomination.,1,0,0,0,0,0,0,0,0,0
1 nomination.,1,0,0,0,0,0,0,0,0,0
1 nomination.,1,0,0,0,0,0,0,0,0,0
1 nomination.,1,0,0,0,0,0,0,0,0,0
1 win.,0,1,0,0,0,0,0,0,0,0
1 nomination.,1,0,0,0,0,0,0,0,0,0
7 nominations.,7,0,0,0,0,0,0,0,0,0
4 wins & 6 nominations.,6,4,0,0,0,0,0,0,0,0
2 nominations.,2,0,0,0,0,0,0,0,0,0
1 nomination.,1,0,0,0,0,0,0,0,0,0
1 nomination.,1,0,0,0,0,0,0,0,0,0
1 nomination.,1,0,0,0,0,0,0,0,0,0
1 win.,0,1,0,0,0,0,0,0,0,0
1 nomination.,1,0,0,0,0,0,0,0,0,0
6 wins & 5 nominations.,5,6,0,0,0,0,0,0,0,0
2 wins & 4 nominations.,4,2,0,0,0,0,0,0,0,0
1 win & 4 nominations.,4,1,0,0,0,0,0,0,0,0
2 wins & 5 nominations.,5,2,0,0,0,0,0,0,0,0
Nominated for 3 Primetime Emmys. Another 12 nominations.,15,0,0,0,3,0,0,0,0,0
1 win & 1 nomination.,1,1,0,0,0,0,0,0,0,0
1 win & 4 nominations.,4,1,0,0,0,0,0,0,0,0
3 wins.,0,3,0,0,0,0,0,0,0,0
3 nominations.,3,0,0,0,0,0,0,0,0,0
Won 1 Golden Globe. Another 4 wins & 9 nominations.,9,5,0,0,0,0,0,1,0,0
1 win & 4 nominations.,4,1,0,0,0,0,0,0,0,0
4 wins & 1 nomination.,1,4,0,0,0,0,0,0,0,0
5 wins & 3 nominations.,3,5,0,0,0,0,0,0,0,0
2 nominations.,2,0,0,0,0,0,0,0,0,0
3 wins & 3 nominations.,3,3,0,0,0,0,0,0,0,0
3 nominations.,3,0,0,0,0,0,0,0,0,0
Nominated for 1 Golden Globe. Another 3 wins & 8 nominations.,9,3,0,0,0,0,1,0,0,0
3 nominations.,3,0,0,0,0,0,0,0,0,0
1 win & 3 nominations.,3,1,0,0,0,0,0,0,0,0
Won 2 Golden Globes. Another 15 wins & 26 nominations.,26,17,0,0,0,0,0,2,0,0
2 nominations.,2,0,0,0,0,0,0,0,0,0
1 win.,0,1,0,0,0,0,0,0,0,0
3 wins & 5 nominations.,5,3,0,0,0,0,0,0,0,0
1 win & 4 nominations.,4,1,0,0,0,0,0,0,0,0
2 wins.,0,2,0,0,0,0,0,0,0,0
1 nomination.,1,0,0,0,0,0,0,0,0,0
1 win.,0,1,0,0,0,0,0,0,0,0
3 wins & 3 nominations.,3,3,0,0,0,0,0,0,0,0
1 nomination.,1,0,0,0,0,0,0,0,0,0
7 wins & 3 nominations.,3,7,0,0,0,0,0,0,0,0
1 win & 4 nominations.,4,1,0,0,0,0,0,0,0,0
1 nomination.,1,0,0,0,0,0,0,0,0,0
Nominated for 1 Oscar. Another 5 wins & 15 nominations.,16,5,1,0,0,0,0,0,0,0
2 wins.,0,2,0,0,0,0,0,0,0,0
1 win.,0,1,0,0,0,0,0,0,0,0
1 win & 3 nominations.,3,1,0,0,0,0,0,0,0,0
Nominated for 4 Primetime Emmys. Another 1 win & 1 nomination.,5,1,0,0,4,0,0,0,0,0
1 nomination.,1,0,0,0,0,0,0,0,0,0
2 nominations.,2,0,0,0,0,0,0,0,0,0
2 wins & 2 nominations.,2,2,0,0,0,0,0,0,0,0
1 nomination.,1,0,0,0,0,0,0,0,0,0
4 wins & 12 nominations.,12,4,0,0,0,0,0,0,0,0
2 wins.,0,2,0,0,0,0,0,0,0,0
2 wins & 1 nomination.,1,2,0,0,0,0,0,0,0,0
1 win.,0,1,0,0,0,0,0,0,0,0
Nominated for 1 Primetime Emmy. Another 1 win & 5 nominations.,6,1,0,0,1,0,0,0,0,0
1 nomination.,1,0,0,0,0,0,0,0,0,0
2 wins & 4 nominations.,4,2,0,0,0,0,0,0,0,0
7 wins & 6 nominations.,6,7,0,0,0,0,0,0,0,0
3 wins & 1 nomination.,1,3,0,0,0,0,0,0,0,0
1 win & 1 nomination.,1,1,0,0,0,0,0,0,0,0
1 win & 4 nominations.,4,1,0,0,0,0,0,0,0,0
3 wins & 9 nominations.,9,3,0,0,0,0,0,0,0,0
9 wins & 3 nominations.,3,9,0,0,0,0,0,0,0,0
1 nomination.,1,0,0,0,0,0,0,0,0,0
2 wins & 2 nominations.,2,2,0,0,0,0,0,0,0,0
4 wins.,0,4,0,0,0,0,0,0,0,0
2 nominations.,2,0,0,0,0,0,0,0,0,0
2 wins & 2 nominations.,2,2,0,0,0,0,0,0,0,0
1 nomination.,1,0,0,0,0,0,0,0,0,0
1 win & 4 nominations.,4,1,0,0,0,0,0,0,0,0
1 win & 3 nominations.,3,1,0,0,0,0,0,0,0,0
1 nomination.,1,0,0,0,0,0,0,0,0,0
3 wins.,0,3,0,0,0,0,0,0,0,0
2 wins & 2 nominations.,2,2,0,0,0,0,0,0,0,0
1 win.,0,1,0,0,0,0,0,0,0,0
6 wins & 4 nominations.,4,6,0,0,0,0,0,0,0,0
2 wins.,0,2,0,0,0,0,0,0,0,0
1 nomination.,1,0,0,0,0,0,0,0,0,0
1 win & 4 nominations.,4,1,0,0,0,0,0,0,0,0
2 nominations.,2,0,0,0,0,0,0,0,0,0
1 nomination.,1,0,0,0,0,0,0,0,0,0
1 nomination.,1,0,0,0,0,0,0,0,0,0
5 wins.,0,5,0,0,0,0,0,0,0,0
1 nomination.,1,0,0,0,0,0,0,0,0,0
5 wins & 7 nominations.,7,5,0,0,0,0,0,0,0,0
1 nomination.,1,0,0,0,0,0,0,0,0,0
Nominated for 2 Primetime Emmys. Another 3 nominations.,5,0,0,0,2,0,0,0,0,0
1 nomination.,1,0,0,0,0,0,0,0,0,0
4 wins.,0,4,0,0,0,0,0,0,0,0
1 win & 1 nomination.,1,1,0,0,0,0,0,0,0,0
1 nomination.,1,0,0,0,0,0,0,0,0,0
1 nomination.,1,0,0,0,0,0,0,0,0,0
1 win & 2 nominations.,2,1,0,0,0,0,0,0,0,0
2 nominations.,2,0,0,0,0,0,0,0,0,0
1 nomination.,1,0,0,0,0,0,0,0,0,0
1 win.,0,1,0,0,0,0,0,0,0,0
1 nomination.,1,0,0,0,0,0,0,0,0,0
1 nomination.,1,0,0,0,0,0,0,0,0,0
1 nomination.,1,0,0,0,0,0,0,0,0,0
Nominated for 1 Primetime Emmy. Another 1 win.,1,1,0,0,1,0,0,0,0,0
1 win.,0,1,0,0,0,0,0,0,0,0
2 wins.,0,2,0,0,0,0,0,0,0,0
6 wins & 6 nominations.,6,6,0,0,0,0,0,0,0,0
4 nominations.,4,0,0,0,0,0,0,0,0,0
1 win & 1 nomination.,1,1,0,0,0,0,0,0,0,0
2 nominations.,2,0,0,0,0,0,0,0,0,0
1 nomination.,1,0,0,0,0,0,0,0,0,0
3 wins & 1 nomination.,1,3,0,0,0,0,0,0,0,0
1 nomination.,1,0,0,0,0,0,0,0,0,0
1 nomination.,1,0,0,0,0,0,0,0,0,0
1 win & 7 nominations.,7,1,0,0,0,0,0,0,0,0
5 wins & 13 nominations.,13,5,0,0,0,0,0,0,0,0
1 nomination.,1,0,0,0,0,0,0,0,0,0
1 nomination.,1,0,0,0,0,0,0,0,0,0
1 nomination.,1,0,0,0,0,0,0,0,0,0
1 win.,0,1,0,0,0,0,0,0,0,0
3 wins & 2 nominations.,2,3,0,0,0,0,0,0,0,0
1 nomination.,1,0,0,0,0,0,0,0,0,0
1 nomination.,1,0,0,0,0,0,0,0,0,0
2 nominations.,2,0,0,0,0,0,0,0,0,0
3 wins & 22 nominations.,22,3,0,0,0,0,0,0,0,0
1 nomination.,1,0,0,0,0,0,0,0,0,0
1 win.,0,1,0,0,0,0,0,0,0,0
1 nomination.,1,0,0,0,0,0,0,0,0,0
2 wins.,0,2,0,0,0,0,0,0,0,0
1 nomination.,1,0,0,0,0,0,0,0,0,0
1 nomination.,1,0,0,0,0,0,0,0,0,0
2 nominations.,2,0,0,0,0,0,0,0,0,0
1 win.,0,1,0,0,0,0,0,0,0,0
1 win & 3 nominations.,3,1,0,0,0,0,0,0,0,0
2 wins & 3 nominations.,3,2,0,0,0,0,0,0,0,0
1 win & 1 nomination.,1,1,0,0,0,0,0,0,0,0
1 nomination.,1,0,0,0,0,0,0,0,0,0
4 nominations.,4,0,0,0,0,0,0,0,0,0
2 wins & 2 nominations.,2,2,0,0,0,0,0,0,0,0
2 nominations.,2,0,0,0,0,0,0,0,0,0
1 nomination.,1,0,0,0,0,0,0,0,0,0
1 nomination.,1,0,0,0,0,0,0,0,0,0
1 nomination.,1,0,0,0,0,0,0,0,0,0
1 win.,0,1,0,0,0,0,0,0,0,0
Nominated for 1 Oscar. Another 1 win & 3 nominations.,4,1,1,0,0,0,0,0,0,0
2 wins & 1 nomination.,1,2,0,0,0,0,0,0,0,0
1 win & 7 nominations.,7,1,0,0,0,0,0,0,0,0
1 nomination.,1,0,0,0,0,0,0,0,0,0
1 win & 1 nomination.,1,1,0,0,0,0,0,0,0,0
2 wins & 2 nominations.,2,2,0,0,0,0,0,0,0,0
2 wins & 7 nominations.,7,2,0,0,0,0,0,0,0,0
Nominated for 1 Oscar. Another 1 nomination.,2,0,1,0,0,0,0,0,0,0
1 nomination.,1,0,0,0,0,0,0,0,0,0
1 nomination.,1,0,0,0,0,0,0,0,0,0
1 nomination.,1,0,0,0,0,0,0,0,0,0
1 win & 10 nominations.,10,1,0,0,0,0,0,0,0,0
1 win & 1 nomination.,1,1,0,0,0,0,0,0,0,0
1 nomination.,1,0,0,0,0,0,0,0,0,0
1 nomination.,1,0,0,0,0,0,0,0,0,0
5 wins & 10 nominations.,10,5,0,0,0,0,0,0,0,0
4 wins & 5 nominations.,5,4,0,0,0,0,0,0,0,0
4 wins.,0,4,0,0,0,0,0,0,0,0
1 nomination.,1,0,0,0,0,0,0,0,0,0
1 win & 2 nominations.,2,1,0,0,0,0,0,0,0,0
3 wins.,0,3,0,0,0,0,0,0,0,0
1 win.,0,1,0,0,0,0,0,0,0,0
1 win.,0,1,0,0,0,0,0,0,0,0
6 wins.,0,6,0,0,0,0,0,0,0,0
1 nomination.,1,0,0,0,0,0,0,0,0,0
2 wins & 7 nominations.,7,2,0,0,0,0,0,0,0,0
1 nomination.,1,0,0,0,0,0,0,0,0,0
1 win.,0,1,0,0,0,0,0,0,0,0
4 nominations.,4,0,0,0,0,0,0,0,0,0
1 nomination.,1,0,0,0,0,0,0,0,0,0
1 nomination.,1,0,0,0,0,0,0,0,0,0
1 win.,0,1,0,0,0,0,0,0,0,0
1 win.,0,1,0,0,0,0,0,0,0,0
1 nomination.,1,0,0,0,0,0,0,0,0,0
1 nomination.,1,0,0,0,0,0,0,0,0,0
1 win.,0,1,0,0,0,0,0,0,0,0
5 wins.,0,5,0,0,0,0,0,0,0,0
1 win.,0,1,0,0,0,0,0,0,0,0
2 nominations.,2,0,0,0,0,0,0,0,0,0
1 nomination.,1,0,0,0,0,0,0,0,0,0
1 nomination.,1,0,0,0,0,0,0,0,0,0
1 win.,0,1,0,0,0,0,0,0,0,0
1 nomination.,1,0,0,0,0,0,0,0,0,0
1 win.,0,1,0,0,0,0,0,0,0,0
1 nomination.,1,0,0,0,0,0,0,0,0,0
2 nominations.,2,0,0,0,0,0,0,0,0,0
1 nomination.,1,0,0,0,0,0,0,0,0,0
2 nominations.,2,0,0,0,0,0,0,0,0,0
2 wins & 2 nominations.,2,2,0,0,0,0,0,0,0,0
2 nominations.,2,0,0,0,0,0,0,0,0,0
2 wins & 2 nominations.,2,2,0,0,0,0,0,0,0,0
2 wins & 1 nomination.,1,2,0,0,0,0,0,0,0,0
1 nomination.,1,0,0,0,0,0,0,0,0,0
1 nomination.,1,0,0,0,0,0,0,0,0,0
1 nomination.,1,0,0,0,0,0,0,0,0,0
2 nominations.,2,0,0,0,0,0,0,0,0,0
1 win.,0,1,0,0,0,0,0,0,0,0
1 win.,0,1,0,0,0,0,0,0,0,0
1 nomination.,1,0,0,0,0,0,0,0,0,0
1 nomination.,1,0,0,0,0,0,0,0,0,0
2 nominations.,2,0,0,0,0,0,0,0,0,0
2 nominations.,2,0,0,0,0,0,0,0,0,0
1 nomination.,1,0,0,0,0,0,0,0,0,0
1 win & 1 nomination.,1,1,0,0,0,0,0,0,0,0
7 nominations.,7,0,0,0,0,0,0,0,0,0
